company,category,category_source
1 Medical Pty Ltd,"Healthcare, Medical & Pharmaceutical",original
1300SMlLES LTD,"Healthcare, Medical & Pharmaceutical",inferred
2XlJ Pty Ltd,Consumer Goods & Retail,inferred
3M AUSTRALIA PTY LTD,Manufacturing & Industrial,inferred
3P Learning Limited,Education - Schools & Training,original
4mation Technologies Pty Ltd,Information Technology & Software,original
5B AUSTRALIA PTY LTD,"Mining, Resources & Energy",inferred
68 EDUCATION LIMITED,Education - Schools & Training,original
8SQUAD PTY LTD,Unknown / To Check,unresolved
A & A Karolis Pty Ltd,Unknown / To Check,unresolved
A & G ENGINEERING PTY LTD,Engineering & Construction,original
A ABRAHAMS & OTHERS,Unknown / To Check,unresolved
A P Facilities Pty Ltd,Unknown / To Check,unresolved
A Trahair & Others,Unknown / To Check,unresolved
A. HARTRODT AUSTRALIA PTY LTD,Transport & Logistics,inferred
A.C. Hargreaves Pty Ltd,Unknown / To Check,unresolved
A.N. COOKE MANUFACTURING COMPANY PROPRIETARY LIMITED,Manufacturing & Industrial,original
AAA NEXTT GROUP PTY LTD,Unknown / To Check,unresolved
AAPC LIMITED,"Hospitality, Travel & Tourism",inferred
ABANO HEALTHCARE AUSTRALIA PTY LTD,"Healthcare, Medical & Pharmaceutical",original
ABARIS PRINTING AND PUBLISHING CO PTY LTD,"Media, Entertainment & Creative",original
ABB Australia Pty Ltd,Manufacturing & Industrial,inferred
Abbott Australasia PTY LTD,"Healthcare, Medical & Pharmaceutical",inferred
Abbott Risk Consulting Limited,"Consulting, Accounting & Professional Services",original
Abbvie Pty Ltd,"Healthcare, Medical & Pharmaceutical",original
ABE-RFELDIE PRIMARY SCHOOL,Education - Schools & Training,original
ABE-RGELDIE PERSONNEL PTY LTD,"Recruitment, HR & Labour Hire",original
ABN AMRO CLEARING SYDNEY PTY LTD,Banking & Financial Services,inferred
Acadian Asset Management (Australia) Ltd,Banking & Financial Services,original
ACCENT GROUP LIMITED,Consumer Goods & Retail,inferred
Accenture Australia Holdings Pty Ltd,Information Technology & Software,original
Access Software Australia Pty Ltd,Information Technology & Software,original
ACCESS TESTING PTY LTD,Information Technology & Software,inferred
ACCIONA CONSTRUCTION AUSTRALIA PTY LTD,Engineering & Construction,original
Acciona Energy Australia Global Pty Ltd,"Mining, Resources & Energy",original
ACCOLADE WINES AUSTRALIA LIMITED,"Hospitality, Travel & Tourism",original
ACE COMMUNICATION DISTRIBUTORS PTY LTD,Telecommunications,inferred
Achmea Schadeverzekeringen N.V.,Insurance,inferred
ACI WORLDWIDE (PACIFIC) PTY LTD,Information Technology & Software,inferred
ACMENA GROUP PTY LTD,Unknown / To Check,unresolved
ACON Health Limited,"Healthcare, Medical & Pharmaceutical",original
ACOR Consultants Pty Ltd,"Consulting, Accounting & Professional Services",original
ACT Education and Training Directorate,Education - Schools & Training,original
ACTION BAY PTY LTD,Unknown / To Check,unresolved
ACTIVE CONTRACTING PTY LTD,Engineering & Construction,original
ACTIVE SPORTS INJURY CLINIC PTY LTD,"Healthcare, Medical & Pharmaceutical",original
Activision Blizzard Pty Limited,"Media, Entertainment & Creative",inferred
ACTRON ENGINEERING PTY LTD,Engineering & Construction,original
ADACTIN GROUP PTY LTD,Information Technology & Software,inferred
ADANI MINING PTY LTD,"Mining, Resources & Energy",original
Adapt-a-Lift Group Pty Ltd,Manufacturing & Industrial,inferred
ADAPTALIFT GSE PTY LTD,Manufacturing & Industrial,inferred
ADB Safegate Australia Pty Ltd,Aviation & Aerospace,inferred
Adecco Australia Pty Ltd,"Recruitment, HR & Labour Hire",inferred
Adelaide Community Healthcare Alliance Incorporated,"Healthcare, Medical & Pharmaceutical",original
Adelaide Symphony Orchestra Pty Ltd,"Media, Entertainment & Creative",inferred
ADG ENGINEERS (AUST) PTY LTD,Engineering & Construction,original
ADIDAS AUSTRALIA PTY LIMITED,Consumer Goods & Retail,inferred
Adobe Systems Pty Ltd,Information Technology & Software,original
Adora Fertility Pty Ltd,"Healthcare, Medical & Pharmaceutical",inferred
Adox Pty Ltd,Unknown / To Check,unresolved
ADP Consulting Pty Ltd,"Consulting, Accounting & Professional Services",original
Adrenalin Media Pty Ltd,Marketing & Advertising,inferred
Advance Delivery Consulting Pty Ltd,"Consulting, Accounting & Professional Services",original
ADVANCE VISION TECHNOLOGY PTY LTD,Information Technology & Software,inferred
Advanced Navigation Pty Ltd,Information Technology & Software,inferred
Adventist Development and Relief Agency Australia Ltd,Real Estate & Property,original
ADVENTIST HealthCare Limited,"Healthcare, Medical & Pharmaceutical",original
Adyen Australia Pty Limited,Banking & Financial Services,inferred
AE-IOU FOUNDATION,"Religious, Charitable & Non-profit",original
AE.COM AUSTRALIA PTY LTD,Engineering & Construction,inferred
AEGIS AGED CARE GROUP PTY LTD,"Aged Care, Disability & Social Services",original
AERLINK PTY LTD,Aviation & Aerospace,inferred
AFFINITY EDUCATION GROUP LIMITED,Education - Schools & Training,original
AFGRI EQUIPMENT AUSTRALIA PTY LTD,Manufacturing & Industrial,original
AFIC SCHOOLS (VICTORIA) LIMITED,Education - Schools & Training,original
AFIC SCHOOLS (WA) LIMITED,Education - Schools & Training,original
AFTERPAY AUSTRALIA PTY LTD,Banking & Financial Services,original
AGCO AUSTRALIA LIMITED,"Agriculture, Food & Beverage",inferred
AGGREKO GENERATOR RENTALS PTY. LIMITED,"Mining, Resources & Energy",inferred
Agilent Technologies Australia (M) Pty Ltd,Information Technology & Software,original
Agilex Biolabs Pty Ltd,"Healthcare, Medical & Pharmaceutical",inferred
AGL ENERGY LIMITED,"Mining, Resources & Energy",original
AGRANA FRUIT AUSTRALIA PTY LIMITED,"Agriculture, Food & Beverage",inferred
AGRICULTURAL BANK OF CHINA LTD,Banking & Financial Services,original
AGTRADE HOLDINGS PTY LTD,"Agriculture, Food & Beverage",inferred
AIA AUSTRALIA LIMITED,Insurance,inferred
AIG Australia Limited,Insurance,inferred
AINSBURY HOLDINGS PTY LTD,Unknown / To Check,unresolved
Ainsworth Game Technology Limited,"Media, Entertainment & Creative",original
AIR AFFAIRS (AUSTRALIA) PTY. LTD.,Aviation & Aerospace,inferred
AIR LIQUIDE AUSTRALIA LIMITED,Manufacturing & Industrial,inferred
Air Trunk Operating Pty Ltd,Information Technology & Software,inferred
Air-Met Scientific Pty Ltd,Manufacturing & Industrial,inferred
Airbnb Australia Pty Ltd,"Hospitality, Travel & Tourism",inferred
AIRBUS AUSTRALIA PACIFIC LIMITED,Aviation & Aerospace,inferred
AIRFLITE PTY LTD,Aviation & Aerospace,inferred
AIRFORCE AIRCONDITIONING PTY LTD,Engineering & Construction,inferred
AIRPORT RETAIL ENTERPRISES PTY LTD,Aviation & Aerospace,original
Airtasker Limited,Information Technology & Software,inferred
AIRWALLEX PTY LTD,Banking & Financial Services,inferred
Aitken Creek Primary School,Education - Schools & Training,original
Aitken Hill Primary School,Education - Schools & Training,original
AJ Baker & Sons Pty Ltd,Manufacturing & Industrial,inferred
AJC ARCHITECTS PTY LTD,Architecture & Design,inferred
AKIBA CANBERRA PTY LTD,"Hospitality, Travel & Tourism",inferred
Akuna Capital Australia Pty Ltd,Banking & Financial Services,original
Akzo Nobel Pty Ltd,Manufacturing & Industrial,inferred
AL FAISAL COLLEGE LIMITED,Education - Schools & Training,original
AL SIRAAT COLLEGE INC,Education - Schools & Training,original
Alamanda K-9 College,Education - Schools & Training,original
Albert Park College,Education - Schools & Training,original
Albert Park Primary School,Education - Schools & Training,original
ALBURY WODONGA HEALTH,"Healthcare, Medical & Pharmaceutical",original
AlburyCity Council,Government & Public Sector,original
ALCOA OF AUSTRALIA LIMITED,"Mining, Resources & Energy",inferred
Alcon Laboratories (Australia) Pty Ltd,"Healthcare, Medical & Pharmaceutical",inferred
ALDI STORES (A LIMITED PARTNERSHIP),Consumer Goods & Retail,original
ALE-MLI_JBE PTY LTD,Unknown / To Check,unresolved
Alfa Laval Australia Pty Ltd,Manufacturing & Industrial,inferred
ALFRED HEALTH,"Healthcare, Medical & Pharmaceutical",original
Alibaba (Australia) Company Pty Ltd,Information Technology & Software,inferred
ALICE CAR CENTRE PTY. LTD.,Automotive,inferred
ALINEA INC,Unknown / To Check,unresolved
Alinta Servco Pty Ltd,"Mining, Resources & Energy",inferred
ALISE-NCO SERVICES PTY LTD,Unknown / To Check,unresolved
Alkira Secondary College,Education - Schools & Training,original
ALL CAST (NT) DRAINAGE SYSTEMS PTY LTD,Information Technology & Software,original
All Cast Australia Pty Ltd,Manufacturing & Industrial,inferred
All G Foods Pty Limited,"Agriculture, Food & Beverage",original
All Nippon Airways Co Ltd,Aviation & Aerospace,original
ALLEGION (AUSTRALIA) PTY. LTD.,Manufacturing & Industrial,inferred
ALLEN OVERY SHEARMAN STERLING (AUSTRALIA) PTY LTD,Legal Services,inferred
Allens,Legal Services,inferred
Alliance Automation Pty Ltd,Engineering & Construction,inferred
Alliance Climate Control,Engineering & Construction,inferred
Alliance Geotechnical Pty Ltd,Engineering & Construction,inferred
ALLIANCE POWER & DATA PTY LTD,"Mining, Resources & Energy",original
Allianz Australia Services Pty Limited,Insurance,original
Allianz Technology SE,Insurance,original
ALLIED PINNACLE PTY LIMITED,"Agriculture, Food & Beverage",inferred
Allier Capital Pty Ltd,Banking & Financial Services,original
Allity Management Services Pty Ltd,"Aged Care, Disability & Social Services",inferred
ALLSEAS MARINE CONTRACTORS AUSTRALIA PTY LTD,Engineering & Construction,original
Allspec Engineering Pty Ltd,Engineering & Construction,original
Alpha Digital Design Consultants Pty Ltd,Information Technology & Software,original
ALPHA FLIGHT SERVICES PTY LTD,Aviation & Aerospace,original
ALPHAPHARM PTY LTD,"Healthcare, Medical & Pharmaceutical",inferred
ALPINE HEALTH,"Healthcare, Medical & Pharmaceutical",original
ALSTEF AUSTRALIA PTY LTD,Manufacturing & Industrial,inferred
ALSTOM TRANSPORT AUSTRALIA PTY LIMITED,Transport & Logistics,original
Alternative Media Pty Ltd,"Media, Entertainment & Creative",inferred
ALTO ARTARMON PTY LIMITED,Automotive,inferred
Altona Meadows Primary School,Education - Schools & Training,original
ALTUS GROUP COST MANAGEMENT PTY LIMITED,Real Estate & Property,inferred
AMA GROUP SOLUTIONS PTY LTD,Automotive,inferred
AMADEUS IT PACIFIC PTY LTD,Information Technology & Software,inferred
AMALGAMATED HOTELS PTY LIMITED,"Hospitality, Travel & Tourism",original
AMAZON COMMERCIAL SERVICES PTY LTD,Consumer Goods & Retail,inferred
AMAZON CORPORATE SERVICES PTY LTD,Consumer Goods & Retail,inferred
AMAZON WEB SERVICES AUSTRALIA PTY LTD,Information Technology & Software,original
AMBITION GROUP LIMITED,"Recruitment, HR & Labour Hire",inferred
Ambulance Service of NSW,"Healthcare, Medical & Pharmaceutical",inferred
Amcor Flexibles Asia Pacific - ANZ,Manufacturing & Industrial,inferred
Amcor Limited,Manufacturing & Industrial,inferred
AMDOCS (AUSTRALIA) PTY LTD,Information Technology & Software,inferred
AMERICAN EXPRESS AUSTRALIA LIMITED,Banking & Financial Services,original
AMERICOLD LOGISTICS LIMITED,Transport & Logistics,original
AMES Australia,Consumer Goods & Retail,inferred
AMGEN AUSTRALIA PTY LTD,"Healthcare, Medical & Pharmaceutical",inferred
Amorim Australasia Pty Ltd,Manufacturing & Industrial,inferred
Amorini Australia Pty Ltd,Unknown / To Check,unresolved
AMP Services Limited,Banking & Financial Services,inferred
Ampcontrol Limited,Manufacturing & Industrial,inferred
Amplitude Consultants Pty Ltd,"Consulting, Accounting & Professional Services",original
AMPOL AUSTRALIA PETROLEUM PTY LTD,"Mining, Resources & Energy",original
AMS TECHNOLOGY GROUP PTY LTD,Information Technology & Software,inferred
ANALYTICAL SYSTEMS PTY LTD,Information Technology & Software,original
ANCA Pty Ltd,Manufacturing & Industrial,inferred
ANCHOR SAFE SYSTEMS pn' LTD,Information Technology & Software,original
ANDREW ENGINEERING (AUST) PTY LTD,Engineering & Construction,original
ANDRITZ Pty Ltd,Manufacturing & Industrial,inferred
ANGLICARE N.T. LTD.,"Religious, Charitable & Non-profit",inferred
ANGLO AMERICAN STEELMAKING COAL PTY LTD,"Mining, Resources & Energy",original
ANGLOGOLD ASHANTI AUSTRALIA LIMITED,"Mining, Resources & Energy",inferred
Animal Logic Pty Limited,"Media, Entertainment & Creative",inferred
ANIMAL RESOURCES AUTHORITY,"Mining, Resources & Energy",original
ANIMAL WELFARE LEAGUE NSW,"Religious, Charitable & Non-profit",inferred
ANIXTER AUSTRALIA PTY LTD,Manufacturing & Industrial,inferred
ANL CONTAINER LINE PTY LTD,Transport & Logistics,inferred
Ansarada Pty Limited,Information Technology & Software,inferred
ANSELL LIMITED,Manufacturing & Industrial,inferred
Ansett Aviation Queensland Pty Ltd,Aviation & Aerospace,original
Aon Corporation Australia Limited,Insurance,original
Aon Services Pty Ltd,Insurance,original
APEX COMMUNICATION TECHNOLOGIES PTY LTD,Information Technology & Software,original
Apex Fund Services (Australia) Pty Ltd,Banking & Financial Services,inferred
APEX GROUP HOLDINGS (AUSTRALIA) PTY LTD,Banking & Financial Services,inferred
APG & CO PTY LIMITED,Consumer Goods & Retail,inferred
APIAM MANAGEMENT PTY LTD,"Healthcare, Medical & Pharmaceutical",inferred
APNIC Pty Ltd,Information Technology & Software,inferred
APOLLO CARE OPERATIONS PTY LIMITED,"Aged Care, Disability & Social Services",inferred
Apollo Health Limited,"Healthcare, Medical & Pharmaceutical",original
APP CORPORATION PTY LIMITED,Information Technology & Software,original
APPARENT COMMUNICATIONS PTY LTD,Telecommunications,original
APPEN BUTLER HILL PTY LTD,Information Technology & Software,inferred
APPLE PTY LIMITED,Information Technology & Software,inferred
APPLIJS PTY LTD,Unknown / To Check,unresolved
APTELLA PTY LTD,Information Technology & Software,inferred
Aquent LLC,"Recruitment, HR & Labour Hire",inferred
ARA Fire Protection Services Pty Limited,Engineering & Construction,inferred
ARARAT SECONDARY COLLEGE,Education - Schools & Training,original
ARB CORPORATION LIMITED,Automotive,inferred
ARC INFRASTRUCTURE EMPLOYMENT PTY LTD,Engineering & Construction,original
ARCADIS AUSTRALIA PACIFIC PTY LTD,Engineering & Construction,inferred
ARCH Services Pty Limited,Unknown / To Check,unresolved
Architectus Australia Holdings Pty Ltd,Architecture & Design,inferred
ARE MEDIA PTY LIMITED,"Media, Entertainment & Creative",inferred
ARGON & CO AUSTRALIA PTY LTD,"Consulting, Accounting & Professional Services",inferred
ARISTOCRAT TECHNOLOGIES AUSTRALIA PTY LIMITED,Information Technology & Software,original
Arlec Australia Pty LTD,Consumer Goods & Retail,inferred
ARMMED PTY LTD,"Healthcare, Medical & Pharmaceutical",inferred
ARMS Reliability Pty Ltd,"Consulting, Accounting & Professional Services",inferred
ARNOTT'S BISCUITS LIMITED,"Agriculture, Food & Beverage",inferred
ARRB GROUP LTD,Engineering & Construction,inferred
ARROWFIELD GROUP PTY LTD,"Agriculture, Food & Beverage",inferred
ART GALLERY OF NSW STAFF AGENCY,Government & Public Sector,inferred
Arthur J. Gallagher (Aus) Pty Ltd,Insurance,inferred
Arup Australia Services Pty Ltd,Engineering & Construction,inferred
ASAHI BEVERAGES PTY LTD,"Agriculture, Food & Beverage",inferred
ASC Pty Ltd,Defence & Aerospace,inferred
asco SYSTEMS AUSTRALIA PTY LIMITED,Information Technology & Software,original
ASCOT GROUP BUILDING PTY LTD,Engineering & Construction,original
ASCOT VALE HEIGHTS SCHOOL,Education - Schools & Training,original
ASCOTT INTERNATIONAL MANAGEMENT AUSTRALIA PTY LTD,"Hospitality, Travel & Tourism",inferred
ASHDOWN CONSULTING,"Consulting, Accounting & Professional Services",original
ASHIJRST AUSTRALIA,Legal Services,inferred
Ashwood High School,Education - Schools & Training,original
ASIANA AIRLINES INC,Aviation & Aerospace,original
ASICS OCEANIA PTY LTD,Consumer Goods & Retail,inferred
ASM GLOBAL (ASIA PACIFIC) PTY LTD,"Media, Entertainment & Creative",original
ASPECT PERSONNEL PTY LTD,"Recruitment, HR & Labour Hire",original
ASPEN PHARMA PTY LTD,"Healthcare, Medical & Pharmaceutical",inferred
ASSA ABLOY AUSTRALIA PTY LIMITED,Manufacturing & Industrial,inferred
ASSA ABLOY ENTRANCE SYSTEMS AUSTRALIA PTY LIMITED,Information Technology & Software,original
Assignar Pty Ltd,Information Technology & Software,inferred
Associated Foreign Exchange Australia Pty Ltd,Banking & Financial Services,inferred
Astellas Pharma Australia Pty Ltd,"Healthcare, Medical & Pharmaceutical",inferred
ASTRAZENECA PTY LTD,"Healthcare, Medical & Pharmaceutical",original
ASTUTE FINANCIAL MANAGEMENT PTY. LTD.,Banking & Financial Services,original
ASX Limited,Banking & Financial Services,inferred
AT Kearney Australia Pty Ltd,"Consulting, Accounting & Professional Services",inferred
AT&T GLOBAL NETWORK SERVICES AUSTRALIA PTY LTD,Information Technology & Software,original
ATC WILLIAMS PTY LTD,Engineering & Construction,inferred
ATCO Gas Australia Pty Ltd,"Mining, Resources & Energy",original
Athena Home Loans Pty Ltd,Banking & Financial Services,inferred
ATKINSREALIS AUSTRALIA PTY LTD,Engineering & Construction,inferred
ATLANTIC (AUST) PTY LTD,Unknown / To Check,unresolved
Atlantic Pacific Securities Pty Ltd,Banking & Financial Services,original
Atlas Copco Australia Pty Ltd,Manufacturing & Industrial,inferred
ATLASSIAN PTY LTD,Information Technology & Software,original
ATOMIC SEARCH PTY LTD,"Recruitment, HR & Labour Hire",inferred
ATOMOS AU PTY LTD,Manufacturing & Industrial,inferred
ATOS (AUSTRALIA) PTY LTD,Information Technology & Software,inferred
ATRADIUS CREDITO Y CAUCION S.A. DE SEGUROS Y REASEGUROS,Insurance,inferred
Attorney Generals Department,Government & Public Sector,inferred
ATTUNE HEARING PTY LTD,"Healthcare, Medical & Pharmaceutical",inferred
Auburn High School,Education - Schools & Training,original
Audi Australia Retail Operations Pty Ltd,Automotive,original
AUDIKA AUSTRALIA PTY LTD,Automotive,original
Audinate Pty Limited,Automotive,original
Aurecon Australasia Pty Ltd,Engineering & Construction,inferred
AURORA DAIRIES PTY LTD,"Agriculture, Food & Beverage",inferred
Aurora Healthcare Pty Ltd,"Healthcare, Medical & Pharmaceutical",original
AURRUM PTY. LIMITED,"Aged Care, Disability & Social Services",inferred
AUSCYCLING LIMITED,"Religious, Charitable & Non-profit",inferred
AUSNET TRANSMISSION GROUP PTY LTD,"Mining, Resources & Energy",inferred
Auspat Land Survey Pty Ltd,Engineering & Construction,inferred
Ausreo Pty Limited,Manufacturing & Industrial,inferred
Aussie Broadband Ltd,Telecommunications,original
Austal Ships Pty Ltd,Defence & Aerospace,inferred
AUSTERE PLANT HIRE PTY LTD,Manufacturing & Industrial,original
AUSTIN HEALTH,"Healthcare, Medical & Pharmaceutical",original
AUSTRAL CONSTRUCTION PTY. LTD.,Engineering & Construction,original
AUSTRALIA AND NEW ZEALAND BANKING GROUP LIMITED,Banking & Financial Services,original
Australian Accounting Standards Board,"Consulting, Accounting & Professional Services",original
AUSTRALIAN AUTOMOTIVE GROUP PTY LIMITED,Automotive,inferred
AUSTRALIAN BEARINGS CORPORATION PTY LTD,Manufacturing & Industrial,inferred
AUSTRALIAN BROADCASTING CORPORATION- SYDNEY,"Media, Entertainment & Creative",inferred
Australian Catholic University Limited,Education - Universities & Higher Ed,original
AUSTRALIAN CENTRE FOR ADVANCED COMPUTING AND COMMUNICATION PTY LTD,Information Technology & Software,original
AUSTRALIAN CHAMBER ORCHESTRA PTY LTD,"Media, Entertainment & Creative",inferred
Australian Christian College Southlands Ltd,Education - Schools & Training,original
Australian Country Choice Production Pty Ltd,"Media, Entertainment & Creative",original
AUSTRALIAN ENERGY MARKET OPERATOR LIMITED,"Mining, Resources & Energy",original
Australian Ethical Investment Ltd,Banking & Financial Services,original
AUSTRALIAN FLUID HANDLING PTY LTD,Manufacturing & Industrial,inferred
AUSTRALIAN GRAND PRIX,"Media, Entertainment & Creative",inferred
Australian Health Practitioner Regulation Agency,"Healthcare, Medical & Pharmaceutical",original
AUSTRALIAN HEARING SERVICES,"Healthcare, Medical & Pharmaceutical",inferred
Australian Institute of Plastic Surgery,"Healthcare, Medical & Pharmaceutical",inferred
AUSTRALIAN INTERNATIONAL ISLAMIC COLLEGE LTD,Education - Schools & Training,original
AUSTRALIAN ISLAMIC COLLEGE PERTH INC,Education - Schools & Training,original
AUSTRALIAN LABORATORY SERVICES PTY LTD,"Consulting, Accounting & Professional Services",inferred
AUSTRALIAN LEISURE AND HOSPITALITY GROUP PTY LIMITED,"Hospitality, Travel & Tourism",original
Australian Maritime Safety Authority,Government & Public Sector,original
Australian National University,Education - Universities & Higher Ed,original
AUSTRALIAN NUCLEAR SCIENCE AND TECHNOLOGY ORGANISATION,Government & Public Sector,inferred
Australian Offshore Solutions Pty Ltd,"Mining, Resources & Energy",inferred
AUSTRALIAN PESTICIDES AND VETERINARY MEDICINES AUTHORITY,"Healthcare, Medical & Pharmaceutical",original
AUSTRALIAN PHARMACEUTICAL INDUSTRIES PTY LTD,Manufacturing & Industrial,original
Australian Postal Corporation,Transport & Logistics,inferred
Australian Prudential Regulation Authority,Government & Public Sector,original
AUSTRALIAN RADIATION PROTECTION AND NUCLEAR SAFETY AGENCY (ARPANSA),Government & Public Sector,inferred
Australian Radio Network Pty Limited,Information Technology & Software,original
Australian Rail Track Corporation (ARTC),Transport & Logistics,original
Australian Red Cross Society,"Religious, Charitable & Non-profit",inferred
AUSTRALIAN REGIONAL AND REMOTE COMMUNITY SERVICES LIMITED,"Religious, Charitable & Non-profit",original
AUSTRALIAN STRATEGIC POLICY INSTITUTE LIMITED,"Religious, Charitable & Non-profit",inferred
Australian Strategy Partners Pty Ltd,"Consulting, Accounting & Professional Services",inferred
AUSTRALIAN TIMKEN PTY LTD,Manufacturing & Industrial,inferred
Australian Turf Club Limited,"Media, Entertainment & Creative",inferred
Australian Unity Limited,Insurance,inferred
AUSTRALIAN VINTAGE LTD,"Agriculture, Food & Beverage",inferred
Australian Wildflowers Pty Ltd,"Agriculture, Food & Beverage",inferred
Australian Wool Innovation Limited,"Agriculture, Food & Beverage",original
AustralianSuper Pty Ltd,Banking & Financial Services,inferred
Auswide Bank Ltd,Banking & Financial Services,original
AUTISM ASSOCIATION OF WESTERN AUSTRALIA INC,"Aged Care, Disability & Social Services",inferred
Autism Partnership Pty Ltd,"Aged Care, Disability & Social Services",inferred
AUTO & GENERAL HOLDINGS PTY LTD,Insurance,inferred
Autodesk Australia Pty Ltd,Information Technology & Software,inferred
AUTOMATIC DATA PROCESSING LIMITED,Information Technology & Software,original
Autopact Victoria Pty Ltd,Automotive,inferred
AUTOSPORTS ADMINISTRATION PTY LTD,Automotive,inferred
Autosports Leichhardt Pty Ltd,Automotive,inferred
AVANADE AUSTRALIA PTY LIMITED,Information Technology & Software,inferred
Avance Clinical Pty Ltd,"Healthcare, Medical & Pharmaceutical",original
AVAYA AUSTRALIA PTY LTD,Telecommunications,inferred
AVE-VA SOFTWARE AUSTRALIA PTY LTD,Information Technology & Software,original
AVEPOINT AU PTY LTD,Information Technology & Software,inferred
Aviat Global Pty Ltd,Telecommunications,inferred
AVIATION LABOUR GROUP PTY LTD - BRISBANE AIRPORT,Aviation & Aerospace,original
AVK AUSTRALIA HOLDING PTY LTD,Manufacturing & Industrial,inferred
AVNET ELECTRONICS MARKETING (AUSTRALIA) PTY LTD,Marketing & Advertising,original
Avocado Consulting Pty Ltd,"Consulting, Accounting & Professional Services",original
AVOPILING MANAGEMENT (NSW) PTY LTD,Engineering & Construction,inferred
AW Signs Pty Ltd,Manufacturing & Industrial,inferred
AWARE SERVICES PTY LTD,Unknown / To Check,unresolved
AWN Holdings Limited,"Agriculture, Food & Beverage",inferred
Axe Group Pty Limited,Information Technology & Software,inferred
AXICOM ADMINISTRATION PTY LTD,Telecommunications,inferred
Axima Pty Ltd,Unknown / To Check,unresolved
AZURE CAPITAL PTY LTD,Banking & Financial Services,original
B. Braun Australia Pty Limited,"Healthcare, Medical & Pharmaceutical",inferred
B.M.D. CONSTRUCTIONS PTY. LIMITED,Engineering & Construction,inferred
Babcock Pty Ltd,Defence & Aerospace,inferred
BACARDI-MARTINI AUSTRALIA PTY LTD,"Agriculture, Food & Beverage",inferred
Bacchus Marsh Grammar,Insurance,original
BackOffice Associates Australia Pty Ltd,Information Technology & Software,inferred
BACOVA HOLDINGS PTY LTD,Unknown / To Check,unresolved
Baden Powell College,Education - Schools & Training,original
BAE SYSTEMS AUSTRALIA LIMITED,Information Technology & Software,original
BAIMBRIDGE COLLEGE,Education - Schools & Training,original
BAIN CAPITAL PRIVATE EQUITY (AUSTRALIA) PTY LIMITED,Banking & Financial Services,original
Bain International Inc,"Consulting, Accounting & Professional Services",inferred
BAIRNSDALE REGIONAL HEALTH SERVICE,"Healthcare, Medical & Pharmaceutical",original
BAIRNSDALE SECONDARY COLLEGE,Education - Schools & Training,original
Baker & McKenzie,Legal Services,inferred
Baker Hughes Australia Pty Limited,"Mining, Resources & Energy",inferred
Baker Motors Pty Ltd,Automotive,inferred
BALANCE INTERNET PTY LTD,Information Technology & Software,inferred
BALDIVIS VETERINARY HOSPITAL PTY LTD,"Healthcare, Medical & Pharmaceutical",original
BALLARAT AND CLARENDON COLLEGE,Education - Schools & Training,original
BALLARAT SPECIALIST SCHOOL,Education - Schools & Training,original
BALMAIN NB CORPORATION LIMITED,Banking & Financial Services,inferred
Balmain Public School,Education - Schools & Training,original
BALWYN HIGH SCHOOL,Education - Schools & Training,original
BAM INTERNATIONAL AUSTRALIA PTY LTD,Engineering & Construction,inferred
BANARANG ABORIGINAL CORPORATION,"Religious, Charitable & Non-profit",inferred
BANK OF CHINA LIMITED,Banking & Financial Services,original
"BANK OF COMMUNICATIONS CO., LTD",Banking & Financial Services,original
Bankstown District Sports Club LTD,"Hospitality, Travel & Tourism",inferred
Bannisters Port Stephens Pty Ltd,Transport & Logistics,original
BANYULE CITY COUNCIL,Government & Public Sector,original
Baosteel Resources Australia Pty Ltd,"Mining, Resources & Energy",original
Baptcare Limited,"Aged Care, Disability & Social Services",inferred
BAPTISTCARE WA LIMITED,"Aged Care, Disability & Social Services",inferred
Barhead Solutions Australia Pty Ltd,Information Technology & Software,inferred
Baringa Partners LLP,"Consulting, Accounting & Professional Services",inferred
Baringa Special School,Education - Schools & Training,original
BARMINCO LIMITED,"Mining, Resources & Energy",inferred
BARNARDOS AUSTRALIA,"Religious, Charitable & Non-profit",inferred
BARRENJOEY SERVICES PTY LIMITED,Banking & Financial Services,inferred
BARTO GOLD MINING PTY LTD,"Mining, Resources & Energy",original
Barton Motors Pty Ltd,Automotive,inferred
BARWON HEALTH,"Healthcare, Medical & Pharmaceutical",original
Basanti Pty Ltd,Unknown / To Check,unresolved
Base Imaging Group,"Healthcare, Medical & Pharmaceutical",inferred
Base Resources Limited,"Mining, Resources & Energy",original
BASF AUSTRALIA LTD,Manufacturing & Industrial,inferred
BASS COAST HEALTH,"Healthcare, Medical & Pharmaceutical",original
BASWARE PTY LTD,Information Technology & Software,inferred
BAT SOUTH PTY LTD,Consumer Goods & Retail,inferred
Bates Smart Architects Pty Ltd,Architecture & Design,inferred
BAUER FOUNDATIONS AUSTRALIA PTY LTD,Engineering & Construction,inferred
BAXTER HEALTHCARE PTY LTD,"Healthcare, Medical & Pharmaceutical",original
Bayer Australia Ltd,"Healthcare, Medical & Pharmaceutical",inferred
BAYSIDE CITY COUNCIL,Government & Public Sector,original
BCS AIRPORT SYSTEMS PTY LTD,Information Technology & Software,original
BDO ADMINISTRATION PTY LTD,"Consulting, Accounting & Professional Services",inferred
BE Campbell Services Pty Ltd,"Agriculture, Food & Beverage",inferred
BE-RENDSEN FLUID POWER PTY LTD,"Mining, Resources & Energy",original
BEACONHILLS CHRISTIAN COLLEGE LIMITED,Education - Schools & Training,original
Beak & Johnston Pty. Ltd.,"Agriculture, Food & Beverage",inferred
BEAUFORT & SKIPTON HEALTH SERVICE,"Healthcare, Medical & Pharmaceutical",original
BEAUMARIS SECONDARY COLLEGE,Education - Schools & Training,original
BEAVER WILLIAMS PTY LTD,Unknown / To Check,unresolved
Beca Pty. Ltd.,Engineering & Construction,inferred
BECHTEL AUSTRALIA PTY LTD,Engineering & Construction,inferred
BECK AND ROBERTSON PTY LTD,Unknown / To Check,unresolved
BECKMAN COULTER AUSTRALIA PTY LTD,"Healthcare, Medical & Pharmaceutical",inferred
Becton Dickinson Pty Ltd,"Healthcare, Medical & Pharmaceutical",inferred
BEECHWORTH BAKERY EMPLOYEE CO. PTY LTD,"Agriculture, Food & Beverage",original
BEECHWORTH HEALTH SERVICES,"Healthcare, Medical & Pharmaceutical",original
BEGA CHEESE LIMITED,"Agriculture, Food & Beverage",inferred
Beiersdorf Australia Ltd,Consumer Goods & Retail,inferred
BELGRAVIA HOTEL PTY LTD,"Hospitality, Travel & Tourism",original
BELLE PROPERTY AUSTRALASIA PTY LTD,Real Estate & Property,original
BELLROY PTY LTD,Consumer Goods & Retail,inferred
Bemin Secondary College,Education - Schools & Training,original
Benalla Health,"Healthcare, Medical & Pharmaceutical",original
BENALLA P-12 COLLEGE,Education - Schools & Training,original
BENCH MEDIA PTY LTD,Marketing & Advertising,inferred
BENDIGO AND ADELAIDE BANK LIMITED,Banking & Financial Services,original
BENDIGO DISTRICT RSL SUB-BRANCH INC.,"Religious, Charitable & Non-profit",inferred
BENDIGO HEALTH,"Healthcare, Medical & Pharmaceutical",original
BENDIGO KANGAN INSTITUTE,Education - Schools & Training,inferred
Bendigo Senior Secondary College,Education - Schools & Training,original
BENNE-LONG ENTERPRISES PTY LTD,Unknown / To Check,unresolved
Bentley Systems Pty Ltd,Information Technology & Software,original
BERRY HOLDINGS OF AUSTRALIA PTY LTD & COSTA BERRY HOLDINGS PTY LTD,"Agriculture, Food & Beverage",inferred
BERRY STREET VICTORIA INCORPORATED,"Aged Care, Disability & Social Services",inferred
BERTRIKA INVESTMENTS PTY LTD AND JAMISCO PTY LTD AND JOAD NOMINEES PTY LTD,Banking & Financial Services,original
BERWICK SECONDARY COLLEGE,Education - Schools & Training,original
Best and Less Pty Ltd,Consumer Goods & Retail,inferred
Betchoice Corporation Pty Ltd,"Media, Entertainment & Creative",inferred
BETHESDA HOSPITAL INC,"Healthcare, Medical & Pharmaceutical",original
Better Rehabilitation Pty. Ltd.,"Healthcare, Medical & Pharmaceutical",inferred
BEYOND BLUE LIMITED,"Religious, Charitable & Non-profit",inferred
BG&E PTY LIMITED,Engineering & Construction,inferred
BG&E Resources Pty Ltd,"Mining, Resources & Energy",original
BGC (AUSTRALIA) PTY LTD,Engineering & Construction,inferred
BGNH SECURITIES PTY LTD,Banking & Financial Services,original
BHP Group Limited,"Mining, Resources & Energy",original
BICAustralia Pty Ltd,Consumer Goods & Retail,inferred
BIDGEE GROUP PTY LTD,Unknown / To Check,unresolved
BIESSE GROUP AUSTRALIA PTY LIMITED,Manufacturing & Industrial,inferred
Big Red Group Pty Ltd,"Hospitality, Travel & Tourism",inferred
BIG VILLAGE AUSTRALIA PTY LTD,Marketing & Advertising,inferred
BigCommerce pty Ltd,Information Technology & Software,inferred
BILLARD LEECE PARTNERSHIP PTY LTD,Architecture & Design,inferred
BILLET ENGINEERING SERVICES PTY LTD,Engineering & Construction,original
Bilue Pty Ltd,Information Technology & Software,inferred
Bingo Industries Limited,Manufacturing & Industrial,original
Binyan Studios 3D Visualisation Pty Ltd,"Media, Entertainment & Creative",original
BIO-STRATEGY PTY LIMITED,"Healthcare, Medical & Pharmaceutical",inferred
Biogen Australia Pty Ltd,"Healthcare, Medical & Pharmaceutical",inferred
BIOMAR PTY LTD,"Agriculture, Food & Beverage",inferred
Biotronik Australia Pty Ltd,"Healthcare, Medical & Pharmaceutical",inferred
BIRDON HOLDINGS PTY LTD,Defence & Aerospace,inferred
Bizcover Pty Ltd,Insurance,inferred
BJSS Australia Pty Ltd,Information Technology & Software,inferred
Bl Worldwide (Australia) Pty Ltd,Marketing & Advertising,inferred
BLACKMAGIC DESIGN PTY LTD,Manufacturing & Industrial,inferred
BLACKMORE-S LIMITED,"Healthcare, Medical & Pharmaceutical",inferred
BLACKROCK INVESTMENT MANAGEMENT (AUSTRALIA) LIMITED,Banking & Financial Services,original
Blackstone Real Estate Australia Pty Ltd,Real Estate & Property,original
Bloomberg Australia Pty Ltd,Banking & Financial Services,inferred
Blue Care,"Aged Care, Disability & Social Services",inferred
Blue Water Shipping Pty Ltd,Transport & Logistics,original
BLUE YONDER AUSTRALIA PTY LTD,Information Technology & Software,inferred
BLUE-FIN RESOURCES PTY. LIMITED,"Mining, Resources & Energy",original
Bluechiip Limited,Information Technology & Software,inferred
BLUECHIP ENTERPRISES PTY LTD,Unknown / To Check,unresolved
BLUESCOPE STEEL LIMITED,Engineering & Construction,original
BMC SOFTWARE (AUSTRALIA) PTY. LTD,Information Technology & Software,original
BMF Advertising Pty Ltd,Marketing & Advertising,original
BMT DEF-ENCE AND SECURITY AUSTRALIA PTY LTD,Defence & Aerospace,inferred
BMW AUSTRALIA FINANCE LIMITED,Automotive,original
BMW Australia Ltd.,Automotive,original
BMW SYDNEY PTY LTD,Automotive,original
BNP PARIBAS,Banking & Financial Services,inferred
BNY MELLON AUSTRALIA PTY LTD,Banking & Financial Services,inferred
BOARD OF TRUSTEES OF THE ROCKHAMPTON GRAMMAR SCHOOL,Education - Schools & Training,original
Boardroom Pty Limited,"Consulting, Accounting & Professional Services",inferred
Boart Longyear Australia Pty Ltd,"Mining, Resources & Energy",inferred
BOC LIMITED,Manufacturing & Industrial,inferred
BOEHRINGER INGELHEIM PTY LTD,"Healthcare, Medical & Pharmaceutical",inferred
Boeing Australia Holdings Pty Ltd,Aviation & Aerospace,inferred
BOEKEMAN MACHINERY (WA) PTY LTD,Manufacturing & Industrial,original
BOLLORE LOGISTICS AUSTRALIA PTY LTD,Transport & Logistics,original
BOMAS SERVICES PTY LIMITED,Unknown / To Check,unresolved
BOND UNIVERSITY LIMITED,Education - Universities & Higher Ed,original
Bookleaf Pty Ltd,Unknown / To Check,unresolved
BOOM LOGISTICS LTD,Transport & Logistics,original
BOOMAROO NURSERIES PTY. LTD.,"Agriculture, Food & Beverage",inferred
BOORT DISTRICT HEALTH,"Healthcare, Medical & Pharmaceutical",original
BORAL LIMITED,Manufacturing & Industrial,original
BORG MANUFACTURING PTY LIMITED,Manufacturing & Industrial,original
BOSCH REXROTH PTY LTD,Manufacturing & Industrial,inferred
BOSKALIS AUSTRALIA PTY LIMITED,Engineering & Construction,inferred
BOSTIK AUSTRALIA PTY LTD,Manufacturing & Industrial,inferred
Boston Scientific Pty Ltd,"Healthcare, Medical & Pharmaceutical",inferred
Boundary Bend Olives Pty Ltd,"Agriculture, Food & Beverage",inferred
Bourchier Street Primary School,Education - Schools & Training,original
Bouygues Construction Australia Pty Ltd,Engineering & Construction,original
BP AUSTRALIA PTY LTD,"Mining, Resources & Energy",inferred
BP ENERGY AUSTRALIA PTY LTD,"Mining, Resources & Energy",original
Bracton Industries (NSW) Pty Ltd,Manufacturing & Industrial,original
Bradken Resources Pty Limited,"Mining, Resources & Energy",original
BRAE-MAR SHIPBROKING PTY LTD,Transport & Logistics,inferred
Braithwaite Steiner & Pretty Pty Ltd,Unknown / To Check,unresolved
Brambles Limited,Transport & Logistics,inferred
BRAVURA SOLUTIONS OPERATIONS PTY LIMITED,Information Technology & Software,inferred
BRAZE AUSTRALIA PTY LTD,Information Technology & Software,inferred
BREAKWATER ISLAND LIMITED - 4,"Hospitality, Travel & Tourism",inferred
Brefni Pty Ltd,Unknown / To Check,unresolved
BRENNAN IT PTY LIMITED,Information Technology & Software,inferred
Breville Pty Limited,Consumer Goods & Retail,inferred
BREWLIFE PEOPLE PTY LTD,Marketing & Advertising,inferred
Brickworks Ltd,Manufacturing & Industrial,inferred
Bridge Housing Limited,Real Estate & Property,inferred
Bridgestone Australia Ltd.,Automotive,inferred
Bridgestone Mining Solutions Australia Pty Ltd,"Mining, Resources & Energy",original
Bridgewest Perth Pharma Pty Ltd,"Healthcare, Medical & Pharmaceutical",inferred
Brighte Capital Pty Ltd,Banking & Financial Services,original
BRIGHTON PRIMARY SCHOOL,Education - Schools & Training,original
Brinbeal Secondary College,Education - Schools & Training,original
Brisbane Airport Corporation Pty Ltd,Aviation & Aerospace,original
BRISBANE BRONCOS RUGBY LEAGUE CLUB LIMITED,"Media, Entertainment & Creative",inferred
Brisbane Organising Committee for the 2032 Olympic and Paralympic Games,"Media, Entertainment & Creative",original
Bristol-Myers Squibb Australia Pty Ltd,"Healthcare, Medical & Pharmaceutical",inferred
Broadcom Sydney Pty Ltd,Information Technology & Software,inferred
Broadford Secondary College,Automotive,original
BROADMEADOWS PRIMARY SCHOOL,Education - Schools & Training,original
BROADMEADOWS SPECIAL DEVELOPMENTAL SCHOOL,Education - Schools & Training,original
BROADRIDGE (AUSTRALIA) PTY LTD,Banking & Financial Services,inferred
BROCKMAN ENGINEERING PTY LTD,Engineering & Construction,original
Broken Hill Musicians Club Ltd,"Hospitality, Travel & Tourism",inferred
Bromini Pty Ltd,Unknown / To Check,unresolved
BROOKFIELD GLOBAL INTEGRATED SOLUTIONS PTY LTD,Real Estate & Property,inferred
Brookfield Global Manager Australia Pty Ltd,Banking & Financial Services,inferred
BROTHER INTERNATIONAL (AUST) PTY LTD,Manufacturing & Industrial,inferred
BROWN BROWN LLOYD PTY LTD,Insurance,inferred
BRP Australia Pty Ltd,Automotive,inferred
Brunel Energy Pty Ltd,"Mining, Resources & Energy",original
BSA Limited,Engineering & Construction,inferred
BSH Home Appliances Pty Ltd,Consumer Goods & Retail,inferred
BSI GROUP ANZ PTY LTD,"Consulting, Accounting & Professional Services",inferred
BT AUSTRALASIA PTY LIMITED,Telecommunications,inferred
BUCHER MUNICIPAL PTY LTD,Government & Public Sector,original
BUDAGE PTY LTD,Unknown / To Check,unresolved
Budget Rent a Car Australia Pty Ltd,Automotive,inferred
BUICK HOLDINGS PTY LTD,Unknown / To Check,unresolved
Built Pty Limited,Engineering & Construction,inferred
BULL MOTOR BODIES PTY LTD,Automotive,inferred
Bundaberg Friendly Society Medical Institute Ltd,"Healthcare, Medical & Pharmaceutical",original
BUNNINGS GROUP LIMITED,Consumer Goods & Retail,inferred
Bupa Aged Care Australia Pty Ltd,Insurance,original
BUPA ANZ Insurance Pty Ltd,Insurance,original
Bureau of Meteorology,Government & Public Sector,inferred
BUREAU VERITAS ASSET INTEGRITY AND RELIABILITY SERVICES PTY LIMITED,"Consulting, Accounting & Professional Services",inferred
Bureau Veritas Australia Pty Ltd,"Consulting, Accounting & Professional Services",inferred
Burswood Resort (Management) Limited,"Hospitality, Travel & Tourism",original
Burwood Council,Government & Public Sector,original
BUSINESS ESSENTIALS (AUSTRALASIA) PTY LTD,Unknown / To Check,unresolved
BUSSELTON CIVIL PTY LTD,Engineering & Construction,original
BVN ARCHITECTURE PTY LTD,Architecture & Design,original
BYE-ORD EQUIPMENT PTY. LTD.,Manufacturing & Industrial,original
C&M Leussink Engineering Pty Limited,Engineering & Construction,original
c.F.c HOLDINGS PTY LTD,Unknown / To Check,unresolved
CABOOLTURE BUS LINES PTY LTD,Transport & Logistics,inferred
cabrini health limited,"Healthcare, Medical & Pharmaceutical",original
CAE AUSTRALIA PTY LTD,Aviation & Aerospace,inferred
CAF Rail Australia Pty Ltd,Transport & Logistics,original
Caffery Holdings Pty Ltd,Unknown / To Check,unresolved
Cairns Regional Council,Government & Public Sector,original
CALEDONIA WA PTY LTD,Unknown / To Check,unresolved
CALENDAR CHEESE CO. pn'. LTD.,"Agriculture, Food & Beverage",inferred
Callcott & Downey Pty Ltd,Unknown / To Check,unresolved
CALLIDUS PROCESS SOLUTIONS PTY LTD,Engineering & Construction,inferred
CALOGO BLOODSTOCK AG,"Agriculture, Food & Beverage",inferred
CALVARY ADMINISTRATION PTY LTD,"Healthcare, Medical & Pharmaceutical",inferred
Camberwell High School,Education - Schools & Training,original
CAMBERWELL PRIMARY SCHOOL,Education - Schools & Training,original
CAMBRIDGE MERCANTILE (AUSTRALIA) PTY. LTD.,Banking & Financial Services,inferred
Campaigntrack Pty Ltd,Marketing & Advertising,inferred
CAMPFIRE DIGITAL TECHNOLOGY PTY LTD,Information Technology & Software,original
Camplify Co (Australia) Pty Ltd,"Hospitality, Travel & Tourism",inferred
Canberra Health Services,"Healthcare, Medical & Pharmaceutical",original
Canberra Private Hospital Pty Ltd,"Healthcare, Medical & Pharmaceutical",original
Canberra Raiders Sports Club Limited,"Hospitality, Travel & Tourism",inferred
Canberra Southern Cross Club Limited,"Hospitality, Travel & Tourism",inferred
CANBERRA TRADESMEN'S UNION CLUB LIMITED,"Hospitality, Travel & Tourism",inferred
CANCER COUNCIL VICTORIA,Government & Public Sector,original
CANDLEFOX PTY LTD,Marketing & Advertising,inferred
Cannatrek Medical Pty Ltd,"Healthcare, Medical & Pharmaceutical",original
CANNON HILL SERVICES PTY LTD,Unknown / To Check,unresolved
CANON AUSTRALIA PTY LTD,Manufacturing & Industrial,inferred
CANON MEDICAL SYSTEMS ANZ PTY LIMITED,"Healthcare, Medical & Pharmaceutical",original
CANON PRODUCTION PRINTING AUSTRALIA PTY LTD,"Media, Entertainment & Creative",original
CanTeen - The Australian Organisation for Young People Living with Cancer,"Religious, Charitable & Non-profit",inferred
Canva Pty Ltd,Information Technology & Software,original
CAPDRILL AUSTRALIA PTY LTD,"Mining, Resources & Energy",inferred
CAPE AUSTRALIA HOLDINGS PTY LIMITED,Engineering & Construction,original
Capgemini Australia Pty Limited,Information Technology & Software,original
Capital S.M.A.R.T Repairs Australia Pty Ltd,Banking & Financial Services,original
Capitol Health Ltd,"Healthcare, Medical & Pharmaceutical",original
CAPRAL LIMITED,Manufacturing & Industrial,inferred
CARANICHE PTY LTD,"Healthcare, Medical & Pharmaceutical",inferred
Carbonlite Enterprises Pty Ltd,Unknown / To Check,unresolved
CARE 1 PTY LTD,Unknown / To Check,unresolved
Care Services Administration Pty Ltd,"Aged Care, Disability & Social Services",original
Carecentric Pty Ltd,Unknown / To Check,unresolved
CareFlight Limited,"Healthcare, Medical & Pharmaceutical",inferred
Cargill Australia Limited,"Agriculture, Food & Beverage",inferred
Carinya Home for the Aged,"Aged Care, Disability & Social Services",inferred
Carl Zeiss Pty. Limited,Manufacturing & Industrial,inferred
CARLTON FOOTBALL CLUB LIMITED,"Media, Entertainment & Creative",inferred
Carlton North Primary School,Education - Schools & Training,original
Carnival PLC,"Hospitality, Travel & Tourism",inferred
CARPENTARIA BUFFALO CLUB MOUNT ISA INCORPORATED,"Hospitality, Travel & Tourism",inferred
CARPENTARIA SHIRE COUNCIL,Government & Public Sector,original
CARRANBALLAC P-9 COLLEGE,Education - Schools & Training,original
Carrier Air Conditioning Pty Ltd,Manufacturing & Industrial,inferred
CARSALES.COM LIMITED,Information Technology & Software,inferred
Casterton Memorial Hospital,"Healthcare, Medical & Pharmaceutical",original
CASTLEDEX PTY LTD,Unknown / To Check,unresolved
Catalyst IT Australia Pty Limited,Information Technology & Software,inferred
CATAPULT SPORTS PTY. LTD.,Information Technology & Software,inferred
CATCH.COM.AIJ PTY LTD,Consumer Goods & Retail,inferred
CATERPILLAR OF AUSTRALIA PTY LTD,Manufacturing & Industrial,inferred
Catholic Education Sandhurst Limited,Education - Schools & Training,original
CATHOLIC HEALTHCARE LIMITED,"Healthcare, Medical & Pharmaceutical",original
Catholic Regional College Sydenham,Education - Schools & Training,original
Catlin Australia Pty Ltd,Insurance,inferred
CAULFIELD JUNIOR COLLEGE,Education - Schools & Training,original
CBD GOLF CLUB PTY LTD,"Hospitality, Travel & Tourism",inferred
CBI-I RESOURCES LIMITED,"Mining, Resources & Energy",original
CBRE (C) Pty Limited,Real Estate & Property,inferred
CCH Australia Limited,"Media, Entertainment & Creative",inferred
CCL LABEL AUSTRALIA PTY LTD,Manufacturing & Industrial,inferred
CCNB Limited,"Aged Care, Disability & Social Services",inferred
CDPQ Sydney Pty Ltd,Banking & Financial Services,inferred
Cement Australia (QId) Pty Ltd,Manufacturing & Industrial,inferred
CENTENARY INSTITUTE OF CANCER MEDICINE AND CELL BIOLOGY,"Healthcare, Medical & Pharmaceutical",original
Centennial Coal Company Pty Limited,"Mining, Resources & Energy",original
Central Coast Local Health District,"Healthcare, Medical & Pharmaceutical",original
CENTRAL DESERT REGIONAL COUNCIL,Government & Public Sector,original
Central Earthmoving Company Pty Ltd,Engineering & Construction,original
Central Gippsland Health Service,"Healthcare, Medical & Pharmaceutical",original
CENTRAL HIGHLANDS RURAL HEALTH,"Healthcare, Medical & Pharmaceutical",original
Central Innovation Holdings Pty Ltd,Information Technology & Software,inferred
Central Queensland University,Education - Universities & Higher Ed,original
Central Steel Build Pty Ltd,Engineering & Construction,original
CENTRAL SYSTEMS PTY LTD,Information Technology & Software,original
CENTRE FOR DIGESTIVE DISEASES PTY LTD,"Healthcare, Medical & Pharmaceutical",inferred
CENTRE FOR EYE RESEARCH AUSTRALIA LTD,"Healthcare, Medical & Pharmaceutical",inferred
CENTURY YUASA BATTERIES PTY LTD,Manufacturing & Industrial,inferred
Cerebral Palsy Alliance,"Aged Care, Disability & Social Services",inferred
CERNER CORPORATION PTY LTD,Information Technology & Software,inferred
Certifer Australia Pty Ltd,"Consulting, Accounting & Professional Services",inferred
Certus Solutions Pty Ltd,Information Technology & Software,inferred
Ceva Logistics (Australia) Pty Ltd,Transport & Logistics,original
CGG SERVICES (AUSTRALIA) PTY LTD,"Mining, Resources & Energy",inferred
CGI Technologies & Solutions Australia Pty Limited,Information Technology & Software,original
CH ON PEEL PTY LTD,Unknown / To Check,unresolved
Chadoak Group,Unknown / To Check,unresolved
CHAFF-EY SECONDARY COLLEGE,Education - Schools & Training,original
CHALLENGER GROUP SERVICES PTY LTD,Banking & Financial Services,inferred
Chandler Macleod Group Limited,"Recruitment, HR & Labour Hire",inferred
CHANEL (AUSTRALIA) PTY LTD,Consumer Goods & Retail,inferred
CHARLES DARWIN UNIVERSITY,Education - Universities & Higher Ed,original
Charles Sturt University,Education - Universities & Higher Ed,original
CHARLES TAYLOR ADJUSTING (AUSTRALIA) PTY LTD,Insurance,inferred
Charter Hall Holdings Pty Limited,Real Estate & Property,inferred
CHEVRON AUSTRALIA PTY LTD,"Mining, Resources & Energy",original
Child and Adolescent Health Service,"Healthcare, Medical & Pharmaceutical",original
CHILDREN'S CANCER INSTITUTE AUSTRALIA,"Healthcare, Medical & Pharmaceutical",inferred
CHILDREN'S MEDICAL RESEARCH INSTITUTE,"Healthcare, Medical & Pharmaceutical",original
CHINA CONSTRUCTION BANK CORPORATION,Engineering & Construction,original
China Construction Oceania Pty Ltd,Engineering & Construction,original
CHINA EASTERN AIRLINES CORPORATION LIMITED,Aviation & Aerospace,original
China Southern Airlines Company Limited,Aviation & Aerospace,original
Chiyoda Oceania Pty Limited,Engineering & Construction,inferred
Chocolate Destinations Australia Pty Ltd,"Agriculture, Food & Beverage",inferred
Christian Brothers' High School Lewisham,Education - Schools & Training,original
CHRISTIAN COMMUNITY MINISTRIES LTD,"Religious, Charitable & Non-profit",inferred
CHS Diagnostics Pty Ltd,"Healthcare, Medical & Pharmaceutical",inferred
CHUBB INSURANCE AUSTRALIA LTD,Insurance,original
Chugoku Electric Power Australia Resources Pty. Ltd.,"Mining, Resources & Energy",original
CHURCHES OF CHRIST CARE,"Aged Care, Disability & Social Services",inferred
CIARON MAHER RACING PTY LTD,"Media, Entertainment & Creative",inferred
Cicada Innovations,"Consulting, Accounting & Professional Services",inferred
Ciena Australia Pty Ltd,Telecommunications,inferred
CIMIC Admin Services Pty Limited,Engineering & Construction,inferred
cimrid pty ltd,Unknown / To Check,unresolved
Cintra Developments Australia Pty Ltd,Real Estate & Property,original
CIPE GROUP PTY LTD,Unknown / To Check,unresolved
CIRCANA (AU) PTY LTD,Marketing & Advertising,inferred
CISA Australia Holdings Pty Ltd,Unknown / To Check,unresolved
Citadel Securities Australia Pty Ltd,Banking & Financial Services,original
CITIC PACIFIC MINING MANAGEMENT PTY LTD,"Mining, Resources & Energy",original
Citigroup Pty Limited,Banking & Financial Services,original
CITIZEN WATCHES AUSTRALIA PTY LTD,Consumer Goods & Retail,inferred
City Beach Hospitality Services Pty Ltd,"Hospitality, Travel & Tourism",original
CITY FERTILITY CENTRE PTY LTD,"Healthcare, Medical & Pharmaceutical",inferred
CITY OF WEST TORRENS,Government & Public Sector,inferred
CITY X-RAY PTY LIMITED,"Healthcare, Medical & Pharmaceutical",inferred
CIVCON CIVIL & PROJECT MANAGEMENT PTY LTD,Engineering & Construction,original
CIVEO PTY LTD,"Hospitality, Travel & Tourism",inferred
Civica Pty Limited,Information Technology & Software,inferred
Civil & allied technical construction PTY LTD,Engineering & Construction,original
CIVIL INFRASTRUCTURE GROUP PTY LTD,Engineering & Construction,original
CIVMEC CONSTRUCTION & ENGINEERING PTY LTD,Engineering & Construction,original
Cleanaway Operations Pty Ltd,Manufacturing & Industrial,inferred
Clemenger Group Limited,Marketing & Advertising,inferred
CLICKVIEW PTY LIMITED,Information Technology & Software,inferred
CLIFFORD CHANCE,Automotive,original
CLIMATECH LABOUR HIRE PTY LTD,"Recruitment, HR & Labour Hire",original
CLINICAL LABORATORIES PTY LTD,"Healthcare, Medical & Pharmaceutical",original
Cloudflare Australia Pty Ltd,Information Technology & Software,inferred
CLOUDSENSE PTY LTD,Information Technology & Software,inferred
Clough Projects Pty Ltd,Engineering & Construction,inferred
CLSA AUSTRALIA SERVICES PTY LTD,Banking & Financial Services,inferred
ClubLlNKS Golf Management Pty Ltd,"Hospitality, Travel & Tourism",inferred
Clyde Creek Primary School,Education - Schools & Training,original
CMC GROUP HOLDINGS PTY LTD,Unknown / To Check,unresolved
CMV TRUCK AND BUS PTY LTD,Automotive,inferred
CNH INDUSTRIAL AUSTRALIA PTY LIMITED,Manufacturing & Industrial,original
CNOOC GAS AND POWER (AUS) INVESTMENT PTY LTD,"Mining, Resources & Energy",original
CO-OPERATIVE BULK HANDLING LIMITED,"Agriculture, Food & Beverage",inferred
COATES HIRE OPERATIONS PTY LIMITED,Engineering & Construction,inferred
COATES SIGNCO PTY LIMITED,Manufacturing & Industrial,inferred
Cobar Management Pty Ltd,"Mining, Resources & Energy",inferred
Coburn Primary School,Education - Schools & Training,original
COCA-COLA EUROPACIFIC PARTNERS API PTY LTD,"Agriculture, Food & Beverage",original
COCA-COLA SOUTH PACIFIC PTY LTD,"Agriculture, Food & Beverage",original
Cochlear Limited,"Healthcare, Medical & Pharmaceutical",original
Cockburn Ice Arena Pty Ltd,"Hospitality, Travel & Tourism",inferred
CODAN LIMITED,Manufacturing & Industrial,inferred
COFCO INTERNATIONAL AUSTRALIA PTY LTD,"Agriculture, Food & Beverage",inferred
COFFS EX-SERVICES MEMORIAL AND SPORTING CLUB LTD,"Hospitality, Travel & Tourism",inferred
COG REGIONAL TEAM PTY LTD,Unknown / To Check,unresolved
Cohort Solutions Pty Ltd,Education - Schools & Training,inferred
COLAC AREA HEALTH,"Healthcare, Medical & Pharmaceutical",original
Cold Logic Pty Ltd,Engineering & Construction,inferred
Coles Supermarkets Australia Pty Ltd,Consumer Goods & Retail,inferred
Colgate Palmolive Pty Ltd,Consumer Goods & Retail,inferred
COLLABORATIVE SOLUTIONS AUSTRALIA PTY LTD,Information Technology & Software,inferred
COLLIER & MILLER PTY LTD,Unknown / To Check,unresolved
Collingwood College,Education - Schools & Training,original
COLLINGWOOD ENGLISH LANGUAGE SCHOOL,Education - Schools & Training,original
COLONIAL FIRST STATE INVESTMENTS LIMITED,Banking & Financial Services,original
Coloplast Pty Ltd,"Healthcare, Medical & Pharmaceutical",inferred
COLUMBIA NURSING HOMES PTY LTD,"Healthcare, Medical & Pharmaceutical",original
COM-AL WINDOWS PTY LTD,Manufacturing & Industrial,inferred
COMACTIVITY PTY. LTD.,Unknown / To Check,unresolved
Comdain Services Pty Ltd,Engineering & Construction,inferred
Comfortdelgro Corporation Australia Pty Ltd,Transport & Logistics,inferred
COMMERCIAL MOTOR INDUSTRIES PTY. LTD.,Manufacturing & Industrial,original
Commonwealth Bank of Australia,Banking & Financial Services,original
Commonwealth Scientific and Industrial Research Organisation,Manufacturing & Industrial,original
COMMSCOPE TECHNOLOGIES AUSTRALIA PTY LTD,Information Technology & Software,original
COMMUNITY IMAGING EMPLOYMENT PTY LIMITED,"Recruitment, HR & Labour Hire",original
Compass Group (Australia) Pty Ltd,"Hospitality, Travel & Tourism",inferred
COMPLETE NURSING AND HOME CARE PTY LTD,"Healthcare, Medical & Pharmaceutical",original
COMPLETE OFFICE SUPPLIES PTY LTD,Consumer Goods & Retail,inferred
COMPUTERSHARE LIMITED,Banking & Financial Services,inferred
CONBRAE PTY LIMITED,Unknown / To Check,unresolved
CONCENTRIX CATALYST PTY LTD,Information Technology & Software,inferred
Concentrix Services Pty.Ltd (Australia),"Consulting, Accounting & Professional Services",inferred
Condor Energy Services Limited,"Mining, Resources & Energy",original
Confeta Pty Ltd,Unknown / To Check,unresolved
Conga Apac Pty Ltd,Information Technology & Software,inferred
CONNELLGRIFFIN PTY LTD,"Consulting, Accounting & Professional Services",inferred
ConocoPhillips Australia Operations Pty Ltd,"Mining, Resources & Energy",inferred
Consolidated Food Company Pty Ltd,"Agriculture, Food & Beverage",original
CONSOLIDATED POWER PROJECTS AUSTRALIA PTY LTD,"Mining, Resources & Energy",original
CONSTEL PTY LTD,Unknown / To Check,unresolved
Construction Sciences Pty Ltd,Engineering & Construction,original
CONTINENTAL KOSHER BUTCHERS PTY LTD,"Agriculture, Food & Beverage",inferred
Continental Tyres of Australia Pty Ltd,Automotive,inferred
CONTITECH AUSTRALIA PTY LTD,Manufacturing & Industrial,inferred
Convert Digital Pty Ltd,Information Technology & Software,original
COOINDA VILLAGE INC.,"Aged Care, Disability & Social Services",inferred
COOPERATIEVE RABOBANK U.A.,Banking & Financial Services,inferred
CORANGAMITE SHIRE COUNCIL,Government & Public Sector,original
CORD NOMINEES PTY LTD,Unknown / To Check,unresolved
"CORDOMA, MARY",Unknown / To Check,unresolved
CORONADO CURRAGH PTY LTD,"Mining, Resources & Energy",inferred
Corporate Culture Pty Ltd,Unknown / To Check,unresolved
CORRYONG HEALTH,"Healthcare, Medical & Pharmaceutical",original
Cortell Australia Pty Ltd,Information Technology & Software,inferred
COSCO SHIPPING LINES (OCEANIA) PTY LTD,Transport & Logistics,original
COSMAX NBT AUSTRALIA PTY LTD,Consumer Goods & Retail,inferred
COSTCO WHOLESALE AUSTRALIA PTY LTD,Consumer Goods & Retail,inferred
COTY AUSTRALIA PTY LTD,Consumer Goods & Retail,inferred
Council of Trustees of the National Gallery ofVictoria,Government & Public Sector,original
Country Road Clothing Pty Ltd,Consumer Goods & Retail,original
COVALENT LITHIUM PTY LTD,"Mining, Resources & Energy",original
COVER GENIUS PTY LTD,Insurance,inferred
Cover-more Insurance Services Pty Ltd,Insurance,original
Cox Architecture Pty Ltd,Architecture & Design,original
CPB Contractors Pty Limited,Engineering & Construction,original
CPPIB Australia Pty Ltd,Banking & Financial Services,inferred
CPSM Pty Ltd,Unknown / To Check,unresolved
CR Kennedy And Company Pty Ltd,Consumer Goods & Retail,inferred
Craigieburn Primary School,Education - Schools & Training,original
Cranbourne Secondary College,Education - Schools & Training,original
CRANBROOK CARE PTY LTD,"Aged Care, Disability & Social Services",inferred
CRANBROOK SCHOOL,Education - Schools & Training,original
Crawford & Company (AUSTRALIA) Pty Ltd,Insurance,original
CREDIT SUISSE MANAGEMENT (AUSTRALIA) PTY LIMITED,Banking & Financial Services,inferred
Creekside K-9 College,Education - Schools & Training,original
CRESCENT CAPITAL PARTNERS MANAGEMENT P/L,Banking & Financial Services,original
Crest Air Conditioning Pty Ltd,Engineering & Construction,inferred
Crone Partners Pty Ltd,Architecture & Design,inferred
CROSSMARK AUSTRALIA PTY LTD,Marketing & Advertising,inferred
CrowdStrike Australia Pty Limited,Information Technology & Software,inferred
Crown Equipment Pty Limited,Manufacturing & Industrial,original
CSE CROSSCOM PTY LTD,Telecommunications,inferred
CSI LIMITED,Unknown / To Check,unresolved
CSL Australia Pty Ltd,"Healthcare, Medical & Pharmaceutical",original
CSR Building Products Limited,Engineering & Construction,original
Cubewise Pty Ltd,Information Technology & Software,inferred
Cubic Transportation Systems (Australia) Pty Ltd,Information Technology & Software,original
Cue Design Pty Ltd.,Consumer Goods & Retail,inferred
Cultural Facilities Corporation,Government & Public Sector,inferred
Culture Amp Pty Ltd,Information Technology & Software,original
CUMI (AUSTRALIA) PTY LIMITED,Manufacturing & Industrial,inferred
Cummins & Partners Pty Ltd,Marketing & Advertising,inferred
CUNDALL JOHNSTON & PARTNERS PTY LTD,Engineering & Construction,inferred
Curae TDS Pty Ltd,Unknown / To Check,unresolved
CURTIN UNIVERSITY,Education - Universities & Higher Ed,original
CUSCAL LIMITED,Banking & Financial Services,inferred
CUSHMAN & WAKEFIELD PTY LTD,Real Estate & Property,inferred
Custom Bus Group Pty Ltd,Automotive,inferred
Cutcher & Neale Pty Limited,"Consulting, Accounting & Professional Services",inferred
CWS SURVEYORS PTY LTD,Engineering & Construction,inferred
CX LAVENDER PTY LTD,Architecture & Design,inferred
CyberCX Pty Ltd,Information Technology & Software,inferred
Cyient Australia Pty Ltd,Information Technology & Software,inferred
D.E COFFEE & TEA AUSTRALIA PTY. LTD,"Agriculture, Food & Beverage",inferred
D.T GILBERT & S NICKLESS & W.R SPAIN,Unknown / To Check,unresolved
D.V.R. ENGINEERING PTY. LTD,Engineering & Construction,original
D2L AUSTRALIA PTY LTD,Information Technology & Software,inferred
Dacian Gold Limited,"Mining, Resources & Energy",original
Daikin Australia Pty Ltd,Manufacturing & Industrial,inferred
Daily Press Pty Ltd,Unknown / To Check,unresolved
DAILYMAIL.COM AUSTRALIA PTY LTD,"Media, Entertainment & Creative",inferred
DAIMLER TRUCK AUSTRALIA PACIFIC PTY LTD,Automotive,inferred
DAIRY AUSTRALIA LIMITED,"Agriculture, Food & Beverage",original
Daisho Development Sydney Pty Ltd,Real Estate & Property,original
DAIWA CAPITAL MARKETS AUSTRALIA LIMITED,Banking & Financial Services,original
Daiwa House Australia Pty Ltd,Real Estate & Property,inferred
DALWALLINI_J CONCRETE PTY LTD,Engineering & Construction,original
Dana Australia Pty Ltd,Automotive,inferred
DANDENONG HIGH SCHOOL,Education - Schools & Training,original
DARLINGFORD UPPER GOULBURN NURSING HOME,Automotive,original
Dassault Systemes Australia Pty Ltd,Information Technology & Software,inferred
Data#3 Limited,Information Technology & Software,original
Databricks Australia Pty Ltd,Information Technology & Software,inferred
DATACOM SYSTEMS (AU) PTY LTD,Information Technology & Software,original
Datamine Australia Pty Ltd,Information Technology & Software,inferred
DAVEY MOTOR COMPANY PTY LTD,Automotive,inferred
Davey Water Products Pty Ltd,Manufacturing & Industrial,inferred
David Hayes Holdings Pty Ltd,"Media, Entertainment & Creative",inferred
DAVID JONES PTY LIMITED,Consumer Goods & Retail,inferred
DAVID WOOD & ASSOCIATES PTY LTD,Unknown / To Check,unresolved
Davidson Group Services Pty Ltd,"Recruitment, HR & Labour Hire",inferred
Davis Creek Primary School,Education - Schools & Training,original
DAYFORCE AUSTRALIA PTY LTD,Information Technology & Software,inferred
DB RESULTS PTY LTD,Information Technology & Software,inferred
DCFM Australia Pty Ltd,Unknown / To Check,unresolved
DCWC SERVICES PTY. LTD.,Unknown / To Check,unresolved
DDB Sydney Pty Limited,Marketing & Advertising,inferred
DDLS Australia Pty Ltd,Education - Schools & Training,inferred
Deadly Community Connections Pty Ltd,"Aged Care, Disability & Social Services",inferred
Deakin University,Education - Universities & Higher Ed,original
Decathlon Australia Pty Ltd,Consumer Goods & Retail,inferred
Decision Inc Australia Pty Ltd,Information Technology & Software,inferred
Decmil Australia Pty Ltd,Engineering & Construction,inferred
DEEMAH STONE PTY LIMITED,Manufacturing & Industrial,inferred
DEEPEND SYDNEY PTY LIMITED,Marketing & Advertising,inferred
DEER PARK NORTH PRIMARY SCHOOL,Education - Schools & Training,original
DEK CORPORATION PTY LTD,Unknown / To Check,unresolved
Delaware North Companies Australia Pty Ltd,"Hospitality, Travel & Tourism",inferred
DELBEST PTY LTD,Unknown / To Check,unresolved
Delivery Centric Technology Services Pty Ltd,Information Technology & Software,inferred
DELL AUSTRALIA PTY LIMITED,Information Technology & Software,original
DELOITTE SERVICES PTY LTD,"Consulting, Accounting & Professional Services",original
Deloraine and Westbury Medical Pty Ltd,"Healthcare, Medical & Pharmaceutical",original
DELTA PTY. LTD.,Unknown / To Check,unresolved
Delve Underground Limited,Engineering & Construction,inferred
Dematic Pty Ltd,Manufacturing & Industrial,inferred
DEMENTIA & ALZHEIMER'S AUSTRALIA LTD,"Religious, Charitable & Non-profit",inferred
DENSO AUTOMOTIVE SYSTEMS AUSTRALIA PTY LTD,Information Technology & Software,original
Dental Corporation Pty Ltd,"Healthcare, Medical & Pharmaceutical",original
Dental Health services Victoria,"Healthcare, Medical & Pharmaceutical",original
Dentalife Australia Pty Ltd,"Healthcare, Medical & Pharmaceutical",inferred
Denton Corker Marshall Pty Ltd,Architecture & Design,inferred
DENTSU CORPORATE SERVICES LTD,Marketing & Advertising,inferred
DEPARTMENT FOR EDUCATION,Education - Schools & Training,original
"Department for Education, Children and Young People",Education - Schools & Training,original
DEPARTMENT FOR HEALTH AND WELLBEING,"Healthcare, Medical & Pharmaceutical",original
DEPARTMENT OF AGRICULTURE AND FISHERIES,"Agriculture, Food & Beverage",original
DEPARTMENT OF BIODIVERSITY CONSERVATION AND ATTRACTIONS,Government & Public Sector,original
DEPARTMENT OF COMMUNITIES,Government & Public Sector,original
DEPARTMENT OF CUSTOMER SERVICE,Government & Public Sector,original
DEPARTMENT OF EDUCATION,Education - Schools & Training,original
Department of Education and Training,Education - Schools & Training,original
DEPARTMENT OF ENERGY ENVIRONMENT AND CLIMATE ACTION,"Mining, Resources & Energy",original
Department of Health QId,"Healthcare, Medical & Pharmaceutical",original
"DEPARTMENT OF JOBS, SKILLS, INDUSTRY AND REGIONS",Government & Public Sector,original
DEPARTMENT OF JUSTICE,Government & Public Sector,original
"Department of Mines, Industry Regulation and Safety",Government & Public Sector,original
DEPARTMENT OF PLANNING AND ENVIRONMENT,Government & Public Sector,original
Department of Premier and Cabinet,Government & Public Sector,original
Department of Primary Industries and Regional Development,Real Estate & Property,original
Department of Primary Industries and Regions,Manufacturing & Industrial,original
"Department of State Growth, BUSINESS AND TRADE TASMANIA",Government & Public Sector,original
Department of Tourism Innovation and Sport (Sport and Recreation),"Hospitality, Travel & Tourism",original
Department of Transport & Planning,Transport & Logistics,original
DEPARTMENT OF TREASURY & FINANCE SA,Banking & Financial Services,original
DEPT Digital Product Holdings Pty Ltd,Information Technology & Software,original
Deputec Pty Ltd,Unknown / To Check,unresolved
DERIVCO AUSTRALIA PTY LTD,Information Technology & Software,inferred
DERRIMUTROADCLINIC PTY LTD,"Healthcare, Medical & Pharmaceutical",inferred
Deswik Mining Consultants (Australia) Pty Ltd,"Mining, Resources & Energy",original
DEUTSCHE AUSTRALIA LIMITED,Banking & Financial Services,inferred
Dext Australia Pty Ltd,Information Technology & Software,inferred
Dhelkaya Health,"Healthcare, Medical & Pharmaceutical",original
DHI WATER AND ENVIRONMENT PTY LTD,Engineering & Construction,inferred
DHL Express ( Australia) Pty Ltd,Transport & Logistics,inferred
DHL SUPPLY CHAIN (AUSTRALIA) PTY LIMITED,Transport & Logistics,original
DIAGEO AUSTRALIA LIMITED,"Agriculture, Food & Beverage",inferred
DIAGNOSTICA STAGO PTY LTD,"Healthcare, Medical & Pharmaceutical",inferred
Dialog Pty Ltd,Information Technology & Software,inferred
Dialysis Australia Pty Ltd,"Healthcare, Medical & Pharmaceutical",inferred
Diamond Beach Holdings Pty Ltd,Unknown / To Check,unresolved
DIAMOND OFFSHORE GENERAL LLC,"Mining, Resources & Energy",inferred
Dicker Data Limited,Information Technology & Software,original
Diebold Nixdorf Australia Pty Limited,Information Technology & Software,inferred
DIGITAL ALCHEMY (AUSTRALIA) PTY LTD,Information Technology & Software,original
DIONA PTY LTD,Engineering & Construction,inferred
Discovery Holiday Parks Pty Limited,"Hospitality, Travel & Tourism",inferred
DISPLAYR AUSTRALIA PTY LIMITED,Information Technology & Software,original
DIUS COMPUTING PTY LTD,Information Technology & Software,original
DM Drainage & Constructions Pty Ltd,Engineering & Construction,inferred
DMB Fluid Technologies Pty Ltd,Information Technology & Software,original
DNV AUSTRALIA PTY LIMITED,"Consulting, Accounting & Professional Services",inferred
DOCUSIGN INTERNATIONAL INC,Information Technology & Software,inferred
DOF AUSTRALIA PTY LTD,"Mining, Resources & Energy",inferred
DOF Management Australia Pty Ltd,"Mining, Resources & Energy",inferred
Dohertys Creek P-9 College,Education - Schools & Training,original
Doka Formwork Australia Pty Ltd,Engineering & Construction,inferred
Dolby Australia Pty Limited,Information Technology & Software,inferred
Domain Holdings Australia Limited,Real Estate & Property,inferred
Domestic Roofing Pty Ltd,Engineering & Construction,inferred
Doncaster Primary School,Education - Schools & Training,original
DOORDASH TECHNOLOGIES AUSTRALIA PTY LTD,Information Technology & Software,original
Dorel Australia Pty Ltd,Consumer Goods & Retail,inferred
DORMAKABA AUSTRALIA PTY LTD,Manufacturing & Industrial,inferred
Doveton College,Education - Schools & Training,original
Down Under Enterprises International Pty Ltd,"Agriculture, Food & Beverage",inferred
DOWNER EDI ENGINEERING POWER PTY LTD,"Mining, Resources & Energy",original
Downies Coins Pty Ltd,Consumer Goods & Retail,inferred
DOWNLANDS COLLEGE,Education - Schools & Training,original
Dowsing Group Pty Ltd,Engineering & Construction,inferred
DPG SERVICES PTY LTD,Unknown / To Check,unresolved
DR MEDICAL SERVICES CAIRNS PTY LTD,"Healthcare, Medical & Pharmaceutical",original
DR RODNEY SINCLAIR PTY LTD,"Healthcare, Medical & Pharmaceutical",inferred
DR. OETKER QUEEN AUSTRALIA PTY LTD.,"Agriculture, Food & Beverage",inferred
DRA Pacific Pty Ltd,Engineering & Construction,inferred
DRAEGER AUSTRALIA PTY LTD,Manufacturing & Industrial,inferred
Driveline Services Australia Pty Ltd,Automotive,inferred
Dromana Secondary College,Education - Schools & Training,original
Dropbox Australia Pty Ltd,Information Technology & Software,inferred
DSV AIR AND SEA PTY LTD,Transport & Logistics,inferred
DSV SOLUTIONS PTY LTD,Transport & Logistics,inferred
DUAL AUSTRALIA PTY LTD,Insurance,inferred
DUG TECHNOLOGY(AUSTRALIA) PTY LTD,Information Technology & Software,inferred
DULUXGROUP (AUSTRALIA) PTY LTD,Manufacturing & Industrial,inferred
DUNKELD PASTORAL CO. PTY LTD,"Agriculture, Food & Beverage",original
DuPont Memcor (Australia) Pty Ltd,Manufacturing & Industrial,inferred
Durkin Construction Pty Ltd,Engineering & Construction,original
DUX MANUFACTURING LTD,Manufacturing & Industrial,original
Duxton Capital (Australia) Pty Ltd,Banking & Financial Services,original
DXC TECHNOLOGY AUSTRALIA PTY LIMITED,Information Technology & Software,inferred
DYNATA GLOBAL AU PTY LTD,Marketing & Advertising,inferred
DYNATRACE ASIA-PACIFIC PTY LTD,Information Technology & Software,inferred
Dyson Appliances (Aust.) Pty Limited,Consumer Goods & Retail,inferred
DYVEST HEALTHCARE PTY LTD,"Healthcare, Medical & Pharmaceutical",original
E GROUP HOLDINGS PTY LTD,Unknown / To Check,unresolved
E-Prim Pty Ltd,Unknown / To Check,unresolved
Eagers Automotive Limited,Automotive,inferred
Eagle Direct PTY Ltd,Unknown / To Check,unresolved
EAR SCIENCE INSTITUTE AUSTRALIA INCORPORATED,"Healthcare, Medical & Pharmaceutical",inferred
East Automotive Pty Ltd,Automotive,inferred
EAST GRAMPIANS HEALTH SERVICE,"Healthcare, Medical & Pharmaceutical",original
East Sydney Day Hospital Pty Ltd,"Healthcare, Medical & Pharmaceutical",original
East Wimmera Health Service,"Healthcare, Medical & Pharmaceutical",original
EASTERN HEALTH,"Healthcare, Medical & Pharmaceutical",original
EASTERN SUBURBS DISTRICT RUGBY LEAGUE FOOTBALL CLUB LIMITED,"Media, Entertainment & Creative",inferred
Eastern Suburbs Montessori Association Limited,Education - Schools & Training,original
EASY LIVING HOME ELEVATORS PTY LIMITED,Manufacturing & Industrial,inferred
Eaton Electrical (Australia) Pty Ltd,Manufacturing & Industrial,inferred
Eaton Industries Pty Ltd,Manufacturing & Industrial,original
eBay Australia and New Zealand Pty Ltd,Consumer Goods & Retail,inferred
Ebiquity Pty Limited,Marketing & Advertising,inferred
EBSTAR PTY. LTD.,Unknown / To Check,unresolved
ECB PTY LTD,Unknown / To Check,unresolved
ECHUCA REGIONAL HEALTH,"Healthcare, Medical & Pharmaceutical",original
Ecolab Pty Ltd,Manufacturing & Industrial,inferred
ECOTECH PTY. LTD.,Manufacturing & Industrial,inferred
ECU WORLDWIDE AUSTRALIA PTY LTD,Transport & Logistics,original
EDELMAN AUSTRALIA PTY LTD,Marketing & Advertising,inferred
Eden Ritchie Recruitment Pty Ltd,"Recruitment, HR & Labour Hire",original
Edencraft International Pty Ltd,Manufacturing & Industrial,inferred
Edith Cowan University,Education - Universities & Higher Ed,original
EDWARDS AND CO CROWN STREET PTY LTD,Consumer Goods & Retail,inferred
Edwards Lifesciences Pty Ltd,"Healthcare, Medical & Pharmaceutical",inferred
EGIS OCEANIA PTY LTD,Engineering & Construction,inferred
Eighty9 Limited,Unknown / To Check,unresolved
Eire Constructions Pty Ltd,Engineering & Construction,inferred
Ektimo Pty Ltd,"Consulting, Accounting & Professional Services",inferred
ELABOR8 PTY LTD,Information Technology & Software,inferred
Elanora Country Club,"Hospitality, Travel & Tourism",inferred
Elasticsearch Pty Ltd,Information Technology & Software,inferred
ELBIT SYSTEM OF AUSTRALIA PTY LTD,Defence & Aerospace,inferred
Elecdata Australia Pty Ltd,Information Technology & Software,inferred
ELECNOR AUSTRALIA PTY LTD,Engineering & Construction,inferred
ELECTRANET PTY LTD,"Mining, Resources & Energy",inferred
ELECTRIC POWER DEVELOPMENT CO LTD,"Mining, Resources & Energy",original
ELECTRICITY GENERATION AND RETAIL CORPORATION,"Mining, Resources & Energy",original
Electricity Networks Corporation,"Mining, Resources & Energy",original
Electrix Pty. Ltd,Engineering & Construction,inferred
Electro Optic Systems Pty Limited,Defence & Aerospace,original
Electronic Arts Pty Ltd,"Media, Entertainment & Creative",inferred
Elekta Pty Ltd,"Healthcare, Medical & Pharmaceutical",inferred
Elenberg Fraser Pty Ltd,Architecture & Design,inferred
Elevation Secondary College,Education - Schools & Training,original
ELEXON MINING PTY LTD,"Mining, Resources & Energy",original
ELI LILLY AUSTRALIA PTY LTD,"Healthcare, Medical & Pharmaceutical",inferred
Elite Education Institute Pty Ltd,Education - Schools & Training,original
ELLUCIAN AUSTRALIA PTY LIMITED,Information Technology & Software,inferred
ELMO Software Pty Ltd,Information Technology & Software,original
ELSDON PTY LTD,Unknown / To Check,unresolved
EMACS Electric MOTORS PTY LTD,Manufacturing & Industrial,inferred
Emanuel School,Education - Schools & Training,original
Emarsys Pty Ltd,Information Technology & Software,inferred
EMEIS COSMETICS PTY LTD,Consumer Goods & Retail,original
Emerald Secondary College,Education - Schools & Training,original
eMerge IT Solutions Pty Ltd,Information Technology & Software,original
Emerson Process Management Australia Pty Ltd,Manufacturing & Industrial,inferred
Emirates Leisure Retail (Australia) Pty Ltd,Consumer Goods & Retail,original
EMPLOYERS MUTUAL MANAGEMENT PTY LTD,Insurance,original
EMPLOYMENT INNOVATIONS GROUP PTY LTD,"Recruitment, HR & Labour Hire",original
ENABLE PROFESSIONAL SERVICES PTY LTD,"Consulting, Accounting & Professional Services",original
Enaex Australia Pty Ltd,"Mining, Resources & Energy",inferred
Encore Event Technologies Group Pty Limited,Information Technology & Software,original
ENCORE TISSUE (AUS) PTY LTD,Manufacturing & Industrial,inferred
ENDEAVOUR GROUP LIMITED,Consumer Goods & Retail,inferred
ENDRESS AND HAUSER AUSTRALIA PTY LIMITED,Manufacturing & Industrial,inferred
ENE-OS AUSTRALIA PTY LTD,"Mining, Resources & Energy",inferred
ENE-RFLEX SERVICE PTY LIMITED,"Mining, Resources & Energy",inferred
ENE-TT SERVICES (AUSTRALIA) PTY LTD,Banking & Financial Services,inferred
ENEL X AUSTRALIA PTY LTD,"Mining, Resources & Energy",inferred
ENERGY ONE LIMITED,"Mining, Resources & Energy",original
Energy Queensland Limited,"Mining, Resources & Energy",original
ENERGYAUSTRALIA SERVICES PTY LTD,"Mining, Resources & Energy",inferred
EnerMech Pty Ltd,"Mining, Resources & Energy",inferred
EnerSys Australia Pty Ltd,Manufacturing & Industrial,inferred
Engineering Setout Pty Ltd,Engineering & Construction,original
Eni Australia Ltd,"Mining, Resources & Energy",inferred
ENI Industries Pty Ltd,Manufacturing & Industrial,original
Ensco Australia Pty Limited,"Mining, Resources & Energy",inferred
Ensign (Australia) Holdings Pty Ltd,Unknown / To Check,unresolved
Enspan Design Pty Ltd,Engineering & Construction,inferred
Enstruct Group pty ltd,Engineering & Construction,inferred
ENSURE RECRUITMENT PTY LIMITED,"Recruitment, HR & Labour Hire",original
ENTERPRISE WIDE PTY. LTD.,Unknown / To Check,unresolved
ENTRUST SOUTH PACIFIC PTY LTD,Unknown / To Check,unresolved
ENVIROPACIFIC SERVICES PTY LTD,Engineering & Construction,inferred
EONX SERVICES PTY LTD,Information Technology & Software,inferred
EPAM SYSTEMS (AUSTRALIA) PTY LTD,Information Technology & Software,original
EPI-USE AUSTRALIA PTY LTD,Information Technology & Software,inferred
Epic Environmental Pty Ltd,Engineering & Construction,inferred
Epicon IT Solutions Pty Ltd,Information Technology & Software,original
EPIROC AUSTRALIA PTY LTD,Manufacturing & Industrial,inferred
Epoch Capital Pty Ltd,Banking & Financial Services,original
EPSA Pacific Pty Ltd,Unknown / To Check,unresolved
EPTEC Pty Ltd,Engineering & Construction,inferred
EPWORTH FOUNDATION,"Religious, Charitable & Non-profit",original
Equanimity Consultants Pty Ltd,"Consulting, Accounting & Professional Services",original
Equifax Australasia Group Services Pty Limited,Banking & Financial Services,inferred
Equinix Australia Pty Limited,Information Technology & Software,inferred
Equipping for Life Ltd,"Religious, Charitable & Non-profit",inferred
ERA Energy Services Pty Ltd,"Mining, Resources & Energy",original
ERG Administration Pty Ltd,Unknown / To Check,unresolved
ERICSSON AUSTRALIA PTY LTD,Telecommunications,inferred
ERNST & YOUNG SERVICES PTY LIMITED,"Consulting, Accounting & Professional Services",original
ESRl-Australia Pty Ltd,Information Technology & Software,inferred
ESSENTIAL ENERGY,"Mining, Resources & Energy",original
ESSILOR AUSTRALIA PTY LTD,"Healthcare, Medical & Pharmaceutical",inferred
ESSO AUSTRALIA PTY LTD,"Mining, Resources & Energy",inferred
Estee Lauder Pty. Limited,Consumer Goods & Retail,inferred
ESTIA INVESTMENTS PTY. LTD.,Banking & Financial Services,original
ETEX AUSTRALIA PTY LTD,Manufacturing & Industrial,inferred
ETHOS URBAN PTY LTD,"Consulting, Accounting & Professional Services",original
EVENTBRITE AU PTY LTD,Information Technology & Software,inferred
Everlight Radiology Pty Ltd,"Healthcare, Medical & Pharmaceutical",inferred
Everyday Independence Pty Ltd,"Aged Care, Disability & Social Services",inferred
EVIDEN AUSTRALIA PTY LTD,Information Technology & Software,inferred
EVOLUTION MINING LIMITED,"Mining, Resources & Energy",original
Exact Contracting Services Pty Ltd,Engineering & Construction,original
EXCHANGE HOUSE SERVICES AUSTRALIA PTY LTD,Unknown / To Check,unresolved
EXHIBIT SYSTEMS PTY LTD,Information Technology & Software,original
EXPEDIA AUSTRALIA PTY LTD,"Hospitality, Travel & Tourism",original
EXPEDITORS INTERNATIONAL PTY. LIMITED,Transport & Logistics,inferred
EXPERIAN AUSTRALIA PTY LTD,Banking & Financial Services,inferred
Expro Group Australia Pty Ltd,"Mining, Resources & Energy",inferred
EY Business Solutions Pty Ltd,"Consulting, Accounting & Professional Services",inferred
EYRE TRAVELSTOPS PTY LTD,"Hospitality, Travel & Tourism",inferred
F R PULFORD & SON PTY LTD,Automotive,original
FACE-BOOK AUSTRALIA PTY LTD,Information Technology & Software,inferred
FACTORY MUTUAL INSURANCE COMPANY,Insurance,original
FactSet Pacific Inc.,Banking & Financial Services,inferred
Fair Consulting Group Pty Ltd,"Consulting, Accounting & Professional Services",original
FAIR ISAAC (AUSTRALIA) pn' LTD,Information Technology & Software,inferred
FAIRFAX MEDIA PUBLICATIONS PTY LIMITED,"Media, Entertainment & Creative",inferred
FAMASO PTY LTD,Unknown / To Check,unresolved
Family Doctor Pty Ltd,"Healthcare, Medical & Pharmaceutical",inferred
FAMILY ZONE CYBER SAFETY LIMITED,Information Technology & Software,original
FANTECH PTY LTD,Manufacturing & Industrial,original
Fanuc Oceania Pty Limited,Manufacturing & Industrial,inferred
FAR NORTHERN MILLING PTY LTD,"Agriculture, Food & Beverage",inferred
Far West Local Health District,"Healthcare, Medical & Pharmaceutical",original
FARMERS CENTRE (WA) PTY LTD,"Agriculture, Food & Beverage",inferred
FDC MECHANICAL SERVICES PTY LIMITED,Engineering & Construction,inferred
FDM Group Australia Pty Ltd,"Recruitment, HR & Labour Hire",inferred
Feather Group Pty Ltd,Unknown / To Check,unresolved
FEDERAL COURT OF AUSTRALIA,Government & Public Sector,inferred
FEDEX EXPRESS AUSTRALIA PTY LTD,Transport & Logistics,inferred
FEEDWORKS PTY LTD,"Agriculture, Food & Beverage",inferred
FENDLEY CONSULTANCY PTY LTD,"Consulting, Accounting & Professional Services",original
Fenergo Pty Limited,Information Technology & Software,inferred
FENNER DUNLOP AUSTRALIA PTY. LTD.,Manufacturing & Industrial,inferred
Ferngrove Pharmaceuticals Australia Pty Ltd,"Healthcare, Medical & Pharmaceutical",inferred
Ferra Engineering Pty Ltd,Engineering & Construction,original
Ferrero Australia Pty Ltd,"Agriculture, Food & Beverage",inferred
Ferrovial Construction (Australia) Pty Ltd,Engineering & Construction,original
Fetch TV Management Pty Ltd,"Media, Entertainment & Creative",inferred
Fibre King Pty Ltd,Manufacturing & Industrial,inferred
Field Air (Ballarat) Pty Ltd,Aviation & Aerospace,inferred
FIELDCORE SERVICE SOLUTIONS ANZ PTY LTD,Engineering & Construction,inferred
FIL INVESTMENT MANAGEMENT (AUSTRALIA) LIMITED,Banking & Financial Services,original
FINASTRA INTERNATIONAL PTY LTD,Information Technology & Software,inferred
Finder Crew Pty Limited,Information Technology & Software,inferred
FINDEX (AUST) PTY LTD,"Consulting, Accounting & Professional Services",inferred
FINE-OS AUSTRALIA PTY LIMITED,Information Technology & Software,inferred
Fineform Concrete Pty Ltd,Engineering & Construction,original
FINISAR AUSTRALIA PTY LIMITED,Manufacturing & Industrial,inferred
FinXL Professional Services Pty Ltd,"Consulting, Accounting & Professional Services",original
Firesafe Group Pty Ltd,Engineering & Construction,inferred
Firmenich Pty Ltd,"Agriculture, Food & Beverage",inferred
First Data Resources Australia Limited,"Mining, Resources & Energy",original
First Quantum Minerals (Australia) Pty Ltd,"Mining, Resources & Energy",original
FIRST SENTIER INVESTORS (AUSTRALIA) 1M LTD,Banking & Financial Services,inferred
FIRSTRAX PTY LTD,Unknown / To Check,unresolved
FIS Australasia Pty Ltd,Information Technology & Software,inferred
Fiserv Solutions of Australia Pty Ltd,Information Technology & Software,inferred
Fisher & Paykel Australia Pty. Limited,Consumer Goods & Retail,inferred
Fitzroy Primary School,Education - Schools & Training,original
Fives Services Australia Pty Ltd,Manufacturing & Industrial,inferred
FK Gardner Services (QId) Pty Ltd,Engineering & Construction,inferred
Flanders Electric of Australia Pty Ltd,Manufacturing & Industrial,inferred
FLC MICRODESIGN PTY. LTD.,Unknown / To Check,unresolved
Fleet Safety Services Pty Ltd,Unknown / To Check,unresolved
Fleming Dynamics Pty Ltd,Unknown / To Check,unresolved
Fleming's Welding Service Pty Ltd,Manufacturing & Industrial,inferred
Flex Industries Pty Ltd,Manufacturing & Industrial,original
FLICK ANTICIMEX PTY LTD,Engineering & Construction,inferred
FLIGHT CENTRE TRAVEL GROUP LIMITED,"Hospitality, Travel & Tourism",original
Flight Training Adelaide Pty Ltd,Aviation & Aerospace,original
Flinders and Upper North Local Health Network Incorporated,"Healthcare, Medical & Pharmaceutical",original
Flinders University,Education - Universities & Higher Ed,original
FLOOD STUDIO PTY LTD,"Media, Entertainment & Creative",original
Flourish Holistic Service Pty Ltd,"Aged Care, Disability & Social Services",inferred
FLOWSERVE AUSTRALIA PTY. LTD.,Manufacturing & Industrial,inferred
FLSMIDTH PTY LTD,Manufacturing & Industrial,inferred
FLUENT RETAIL pn' LTD,Consumer Goods & Retail,original
Fluiconnecto Ryco Australia Pty Ltd,Manufacturing & Industrial,inferred
FLUOR AUSTRALIA PTY LTD,Engineering & Construction,inferred
FLYING BARK PRODUCTIONS PTY LTD,"Media, Entertainment & Creative",original
FMS GROUP PTY LTD,Unknown / To Check,unresolved
FNZ (Australia) Pty Ltd,Banking & Financial Services,inferred
"Foot Locker Australia Holdings, LLC",Consumer Goods & Retail,inferred
"Foot Locker Australia, Inc",Consumer Goods & Retail,inferred
FOOTSCRAY CITY PRIMARY SCHOOL,Education - Schools & Training,original
Footscray High School,Education - Schools & Training,original
FORD MOTOR COMPANY OF AUSTRALIA PTY LTD,Automotive,original
FORESTRY CORPORATION OF NEW SOUTH WALES,"Agriculture, Food & Beverage",inferred
Forever New Clothing Pty Ltd,Consumer Goods & Retail,original
Fork Force Australia Pty Ltd,Manufacturing & Industrial,inferred
FORM 700 PTY LTD,Unknown / To Check,unresolved
Forrester Research Australia Pty Ltd,"Consulting, Accounting & Professional Services",inferred
Fortescue Ltd,"Mining, Resources & Energy",original
FORTINET AUSTRALIA PTY LTD,Information Technology & Software,inferred
FORTREA AUSTRALIA PTY LTD,"Healthcare, Medical & Pharmaceutical",inferred
FORVIS MAZARS (NSW) PTY LIMITED,"Consulting, Accounting & Professional Services",inferred
FourPL Pty Ltd,"Consulting, Accounting & Professional Services",inferred
Foxtel Management Pty Limited,"Media, Entertainment & Creative",inferred
Fragomen (Australia) Pty Ltd,Legal Services,inferred
FRAME-STORE AUSTRALIA PTY LTD,Consumer Goods & Retail,original
Francis Valley Farms,"Agriculture, Food & Beverage",original
Francis-Jones Carpenter Pty Limited,Architecture & Design,inferred
FRANKLIN TEMPLETON INVESTMENTS AUSTRALIA LTD,Banking & Financial Services,original
Fraternity Bowling and Recreation Club Ltd,"Hospitality, Travel & Tourism",inferred
Frazer-Nash Consultancy Ltd,"Consulting, Accounting & Professional Services",original
FREEDMAN ELECTRONICS PTY LTD,Manufacturing & Industrial,inferred
FREEDOM FURNITURE AUSTRALIA PTY LIMITED,Consumer Goods & Retail,original
Freelancer International Pty Limited,Information Technology & Software,inferred
FREIGHTER GROUP SERVICES PTY LTD,Automotive,inferred
FREMANTLE-MEDIA AUSTRALIA PTY LTD,"Media, Entertainment & Creative",inferred
FREQUENTIS Australasia Pty Ltd,Aviation & Aerospace,inferred
Fresenius Medical Care Australia Pty Ltd,"Healthcare, Medical & Pharmaceutical",original
FRESH FIELDS AGED CARE (NSW) NO 1 PTY LTD,"Aged Care, Disability & Social Services",original
FRESHWORKS AUSTRALIA PTY LTD,Information Technology & Software,inferred
Freudenberg Home and Cleaning Solutions Pty Ltd,Consumer Goods & Retail,inferred
FREYSSINET AUSTRALIA PTY LTD,Engineering & Construction,inferred
Frolad Pty Ltd,Unknown / To Check,unresolved
Fronius Australia Pty Ltd,Manufacturing & Industrial,inferred
FRONTLINE EQUIPMENT MAINTENANCE PTY LTD,Manufacturing & Industrial,original
FRUIT MASTER FARM OPERATIONS PTY LTD,"Agriculture, Food & Beverage",original
FRV Services Australia Pty Limited,"Mining, Resources & Energy",inferred
FSA GROUP LTD,Banking & Financial Services,inferred
FTI Consulting (Australia) Pty Ltd,"Consulting, Accounting & Professional Services",original
Fugro Australia Pty Ltd,Engineering & Construction,inferred
FUJIFILM AUSTRALIA PTY LTD,Manufacturing & Industrial,inferred
FUJIFILM BUSINESS INNOVATION AUSTRALIA PTY LTD,Manufacturing & Industrial,inferred
FUJIFILM DATA MANAGEMENT SOLUTIONS PTY LTD,Information Technology & Software,original
FUJIFILM MicroChannel Services Pty Limited,Information Technology & Software,inferred
Fujitsu Australia Limited,Information Technology & Software,inferred
FUJITSU GENERAL (AUST.) PTY LIMITED,Manufacturing & Industrial,inferred
FULTON HOGAN AUSTRALIA PTY LTD,Engineering & Construction,inferred
Fulton Hogan Construction Pty Ltd,Engineering & Construction,original
Funlab Pty Ltd,"Hospitality, Travel & Tourism",inferred
Future Engineering & Communication Pty Ltd,Engineering & Construction,original
FUTURE FRIENDLY TEAM PTY LTD,Marketing & Advertising,inferred
FUTURE FUND MANAGEMENT AGENCY,Banking & Financial Services,original
G.H CORDEROY & OTHERS,Unknown / To Check,unresolved
G4S CUSTODIAL SERVICES PTY LTD,Government & Public Sector,inferred
Gaayip-Yagila Primary School,Education - Schools & Training,original
Gameloft Australia Pty Limited,"Media, Entertainment & Creative",inferred
Gamuda Berhad,Engineering & Construction,inferred
Garry Crick's (Nambour) Pty Ltd,Automotive,inferred
Gartner Australasia Pty Limited,"Consulting, Accounting & Professional Services",inferred
GARTNER ROSE PTY LTD,Engineering & Construction,inferred
Gasmak Pty Limited,Unknown / To Check,unresolved
GBA PROJECTS PTY LTD,Engineering & Construction,inferred
GE AVIATION SYSTEMS AUSTRALIA PTY LTD,Information Technology & Software,original
GE DIGITAL AUSTRALIA PTY LTD,Information Technology & Software,original
GE ENERGY POWER CONVERSION UK LIMITED,"Mining, Resources & Energy",original
GE GRID AUSTRALIA PTY LTD,"Mining, Resources & Energy",inferred
GE Healthcare Australia Pty Limited,"Healthcare, Medical & Pharmaceutical",original
GE Power Australia Pty Ltd,"Mining, Resources & Energy",original
GE RENEWABLE ENERGY AUSTRALIA PTY LTD,"Mining, Resources & Energy",original
GEA WESTFALIA SEPARATOR AUSTRALIA PTY LTD,Manufacturing & Industrial,inferred
GEE-LONG FOOTBALL CLUB LIMITED,"Media, Entertainment & Creative",inferred
Geelong Grammar School,Education - Schools & Training,original
Gemi Pty Ltd,Unknown / To Check,unresolved
GENDER EQUITY WEST (GENWEST) INC,Banking & Financial Services,original
GENE-SYS CLOUD SERVICES PTY LTD,Information Technology & Software,original
General Dynamics Land Systems Australia Pty Ltd,Information Technology & Software,original
GENERAL MILLS AUSTRALIA PTY LTD,"Agriculture, Food & Beverage",inferred
General Reinsurance Australia Limited,Insurance,original
GENERIC HEALTH PTY LTD,"Healthcare, Medical & Pharmaceutical",original
Genesis Care Pty Ltd,"Healthcare, Medical & Pharmaceutical",inferred
Genetic Signatures Ltd,"Healthcare, Medical & Pharmaceutical",inferred
Genie Solutions Pty Ltd,Information Technology & Software,inferred
GENNER HOLDINGS PTY LTD,Unknown / To Check,unresolved
Genpact Australia Pty Ltd,"Consulting, Accounting & Professional Services",inferred
GENTON PTY. LIMITED,Architecture & Design,inferred
Genuity Pty Ltd,Unknown / To Check,unresolved
GENUS INFRASTRUCTURE PTY LTD,Engineering & Construction,original
GEODIS AUSTRALIA PTY LTD,Transport & Logistics,inferred
GEORGE P JOHNSON (AUSTRALIA) PTY LIMITED,Marketing & Advertising,inferred
GEORGE WESTON FOODS LIMITED,"Agriculture, Food & Beverage",original
GEOSCIENCE AUSTRALIA,Government & Public Sector,inferred
GEOSURV LOCATING PTY LTD,Engineering & Construction,inferred
GERALDTON GRAMMAR SCHOOL INCORPORATED,Education - Schools & Training,original
Getty Images Pty Ltd,"Media, Entertainment & Creative",inferred
GFK RETAIL AND TECHNOLOGY AUSTRALIA PTY LTD,Consumer Goods & Retail,original
GHD PTY LTD,Engineering & Construction,inferred
Ghella Pty Ltd,Engineering & Construction,inferred
GHO SYDNEY PTY LTD,Unknown / To Check,unresolved
GHS REGIONAL WA PTY LTD,Unknown / To Check,unresolved
GIBSON'S LTD,Unknown / To Check,unresolved
GIG RADIOLOGY PTY LTD,"Healthcare, Medical & Pharmaceutical",inferred
GILLEN CLUB INCORPORATED,"Hospitality, Travel & Tourism",inferred
GIPPSLAND SOUTHERN HEALTH SERVICE,"Healthcare, Medical & Pharmaceutical",original
GIRTON GRAMMAR SCHOOL LTD,Education - Schools & Training,original
GISBORNE SECONDARY COLLEGE,Education - Schools & Training,original
Givaudan Australia Pty Ltd,"Agriculture, Food & Beverage",inferred
GKC Foods (Australia) Pty Ltd,"Agriculture, Food & Beverage",original
GLAMORGAN SPRING BAY COUNCIL,Government & Public Sector,original
GLAXOSMITHKLINE AUSTRALIA PTY LTD,"Healthcare, Medical & Pharmaceutical",original
Glencore Australia Holdings Pty Limited,"Mining, Resources & Energy",original
Glengala Primary School,Education - Schools & Training,original
Global Infrastructure Hub Ltd,Engineering & Construction,original
GLOBAL INFRASTRUCTURE MANAGEMENT AUSTRALIA PTY LIMITED,Engineering & Construction,original
Global Integration Technology Pty Ltd,Information Technology & Software,inferred
GLOBAL MEDICS PTY LTD,"Recruitment, HR & Labour Hire",inferred
GlobalX Pty Ltd,Information Technology & Software,inferred
GMG Nominees Pty Ltd,Unknown / To Check,unresolved
GMHBA Limited,Insurance,inferred
GN Hearing Australia Pty Ltd,"Healthcare, Medical & Pharmaceutical",original
GNM Australia Pty Ltd,"Media, Entertainment & Creative",inferred
Go Offshore Pty Ltd,"Mining, Resources & Energy",inferred
Godfrey Hirst Australia Pty Ltd,Manufacturing & Industrial,inferred
GODOLPHIN AUSTRALIA PTY LTD,"Media, Entertainment & Creative",inferred
GOI_JLBURN VALLEY EQUINE HOSPITAL PTY LTD,"Healthcare, Medical & Pharmaceutical",original
Gold Corporation,"Mining, Resources & Energy",original
GOLD FIELDS AUSTRALIA PTY LTD,"Mining, Resources & Energy",original
GOLDEN STEEL INTERNATIONAL PTY LTD,Engineering & Construction,original
GOLDMAN SACHS AUSTRALIA SERVICES PTY LTD,Banking & Financial Services,original
Goldwind Australia Pty Ltd,"Mining, Resources & Energy",inferred
GOODSTART EARLY LEARNING LTD,Education - Schools & Training,original
GOODYEAR & DUNLOP TYRES (AUST) PTY LTD,Automotive,inferred
Google Australia Pty Ltd,Information Technology & Software,original
GORDON BROTHERS INDUSTRIES PTY LTD,Manufacturing & Industrial,original
Goulburn Valley Creamery Pty Ltd,"Agriculture, Food & Beverage",inferred
Goulburn Valley Health,"Healthcare, Medical & Pharmaceutical",original
Government of South Australia - Department of the Premier and Cabinet,Government & Public Sector,original
Gowrie Street Primary School,Education - Schools & Training,original
GPO NOMINEES PTY LTD,Unknown / To Check,unresolved
GPT Management Holdings Limited,Real Estate & Property,inferred
GRADABILITY PTY LTD,Education - Schools & Training,inferred
GRAF PLASTICS AUSTRALIA PTY LIMITED,Manufacturing & Industrial,original
Graincorp Operations Ltd,"Agriculture, Food & Beverage",inferred
GRAMPIANS HEALTH,"Healthcare, Medical & Pharmaceutical",original
GRAND MOTORS GROUP NSW PTY LTD,Automotive,inferred
Grange Resources (Tasmania) Pty Ltd,"Mining, Resources & Energy",original
Granite Recruitment & Consulting Pty Ltd,"Consulting, Accounting & Professional Services",original
Gransolar Construction Australia Pty Ltd,Engineering & Construction,original
Grant Samuel Services Pty Limited,Banking & Financial Services,inferred
Grant Thornton Australia Limited,"Consulting, Accounting & Professional Services",inferred
Graphic Packaging International Australia Converting Ltd,Manufacturing & Industrial,original
GRAY PUKSAND PTY. LTD.,Architecture & Design,inferred
Graymont (Australia) Pty Ltd,"Mining, Resources & Energy",inferred
GRE-ENCROSS PTY LIMITED,"Healthcare, Medical & Pharmaceutical",inferred
GREATER BENDIGO CITY COUNCIL,Government & Public Sector,original
Green Consulting Group Pty Ltd,"Consulting, Accounting & Professional Services",original
GRESHAM TECHNOLOGIES (AUSTRALIA) PTY LTD,Information Technology & Software,original
Griffith EX-Servicemen's Club Ltd,"Hospitality, Travel & Tourism",inferred
Griffith University,Education - Universities & Higher Ed,original
Grimshaw Architects Pty Ltd,Architecture & Design,inferred
Grocery Delivery E-Services Australia Pty Limited,"Agriculture, Food & Beverage",inferred
Groeneveld-Beka Pty Ltd,Manufacturing & Industrial,inferred
GROUP GSA PTY LTD,Architecture & Design,inferred
GROWTHBUILT PTY LTD,Engineering & Construction,inferred
GROWTHOPS APD AUSTRALIA PTY LTD,Marketing & Advertising,inferred
GRUMA OCEANIA PTY LTD,"Agriculture, Food & Beverage",inferred
Grundfos Pumps Pty Ltd,Manufacturing & Industrial,inferred
GS Engineering & Construction Australia Pty Ltd,Engineering & Construction,original
GSA INSURANCE BROKERS PTY LTD,Insurance,original
GUARDIAN COMMUNITY EARLY LEARNING CENTRES PTY LTD,Education - Schools & Training,original
Guhring Pty Ltd,Manufacturing & Industrial,inferred
GUIDE DOGS ASSOCIATION OF SA & NT INC,"Religious, Charitable & Non-profit",inferred
Guide Dogs Queensland Limited,"Religious, Charitable & Non-profit",inferred
Guidewire Software Pty Ltd,Information Technology & Software,original
Gumtree AU Pty Ltd,Information Technology & Software,inferred
H & M HENNES & MAURITZ PTY LTD,Consumer Goods & Retail,inferred
H & M Tracey Construction Pty Ltd,Engineering & Construction,original
H & R Block Limited,"Consulting, Accounting & Professional Services",inferred
H. J. HEINZ COMPANY AUSTRALIA LIMITED,"Agriculture, Food & Beverage",inferred
H. W. GREENHAM & SONS PROPRIETARY LIMITED,"Agriculture, Food & Beverage",inferred
H.s BREWER & OTHERS,Unknown / To Check,unresolved
Hafele Australia Pty Ltd,Manufacturing & Industrial,inferred
HAHN ELECTRICAL CONTRACTING PTY LTD,Engineering & Construction,original
HAILEYBURY,Education - Schools & Training,inferred
Halcyon Cabarita Beach Pty Ltd,Real Estate & Property,inferred
Halcyon Knights Pty Ltd,"Recruitment, HR & Labour Hire",inferred
HALE-ON AUSTRALIA PTY LTD,"Healthcare, Medical & Pharmaceutical",inferred
Halgan Pty Ltd,Manufacturing & Industrial,inferred
Halliburton Australia Pty Ltd,"Mining, Resources & Energy",original
HALLMARK CARDS AUSTRALIA LIMITED,Consumer Goods & Retail,inferred
Hamilton Locke Pty Ltd,Legal Services,inferred
HAMMER TECHNOLOGIES PTY LTD,Information Technology & Software,original
Hammond Park Family Practice Pty Ltd,"Healthcare, Medical & Pharmaceutical",inferred
HAMMONDCARE,"Aged Care, Disability & Social Services",inferred
HAMPTON EAST SCHOOL,Education - Schools & Training,original
HANECO LIGHTING AUSTRALIA PTY. LTD.,Manufacturing & Industrial,inferred
Hanes Australia Pty Ltd,Consumer Goods & Retail,inferred
Hankook Tyre Australia Pty Ltd,Automotive,inferred
HANNOVER LIFE RE OF AUSTRALASIA LTD,Insurance,inferred
HANNOVER RUECK SE,Insurance,inferred
HANSON AUSTRALIA PTY LIMITED,Manufacturing & Industrial,inferred
HANWHA DEFENSE AUSTRALIA PTY LTD,Defence & Aerospace,original
Hanwha Energy Australia Pty Ltd,"Mining, Resources & Energy",original
Hapag-Lloyd (Australia) Pty Ltd,Transport & Logistics,inferred
HARMAN INTERNATIONAL INDUSTRIES PTY LTD,Manufacturing & Industrial,original
HARMONY AUSTRALASIA SERVICES PTY LTD,Unknown / To Check,unresolved
HARRIS COMMUNICATIONS (AUSTRALIA) PTY LTD,Telecommunications,original
Harris HMC Interiors (VIC) Pty Ltd,Engineering & Construction,inferred
Harry Perkins Institute of Medical Research,"Healthcare, Medical & Pharmaceutical",original
HARRY THE HIRER PTY. LTD,"Hospitality, Travel & Tourism",inferred
Harwood Slipway Pty Ltd,Manufacturing & Industrial,inferred
Hasbro Australia Limited,Consumer Goods & Retail,inferred
Haskoning Australia Pty Limited,Engineering & Construction,inferred
HASSELL SERVICES PTY LTD,Architecture & Design,inferred
Hastings Deering (Australia) Limited,Manufacturing & Industrial,inferred
HATCH PTY LTD,Engineering & Construction,inferred
Havas Australia Pty Ltd,Marketing & Advertising,inferred
HAVER & BOECKER AUSTRALIA pn' LTD,Manufacturing & Industrial,inferred
Haworth Australia Pty Ltd,Consumer Goods & Retail,inferred
HAYBALL PTY LTD,Architecture & Design,inferred
Hayes Information Systems and Communications Pty Ltd,Information Technology & Software,original
Hays Specialist Recruitment (Australia) Pty Ltd,"Recruitment, HR & Labour Hire",original
HCL Australia Services Pty Limited,Information Technology & Software,inferred
HDR Pty Ltd,Architecture & Design,inferred
Headspace National Youth Mental Health Foundation Ltd,"Healthcare, Medical & Pharmaceutical",original
HEALIUS PATHOLOGY PTY LTD,"Healthcare, Medical & Pharmaceutical",inferred
HEALTH FIRST GROUP PTY LTD,"Healthcare, Medical & Pharmaceutical",original
HEALTH SUPPORT SERVICES (NSW) - PARRAMAITA 8,"Healthcare, Medical & Pharmaceutical",original
Healthcare Imaging Services Pty Ltd,"Healthcare, Medical & Pharmaceutical",original
HEALTHE CARE GROUP PTY LTD,"Aged Care, Disability & Social Services",original
HEALTHENGINE LIMITED,Information Technology & Software,inferred
HEALTHIA LIMITED,"Healthcare, Medical & Pharmaceutical",inferred
HEALTHSCOPE OPERATIONS PTY LTD,"Healthcare, Medical & Pharmaceutical",inferred
HEALTHSHARE PTY LIMITED,"Healthcare, Medical & Pharmaceutical",inferred
Healthy Communities Foundation Australia Limited,"Religious, Charitable & Non-profit",original
HEARD MARKETING PTY LTD,Marketing & Advertising,original
HEARTLAND MOTORS PTY LIMITED,Automotive,inferred
HEAT TECH AUSTRALIA PTY LTD,Manufacturing & Industrial,inferred
HEATHS ROAD INVESTMENTS PTY LTD,Banking & Financial Services,original
HEAVYMECH PTY. LTD.,Manufacturing & Industrial,inferred
Hegele Logistics Australia PTY LTD,Transport & Logistics,original
Heinemann Oceania Pty Ltd,Consumer Goods & Retail,inferred
HENDERCARE PTY LTD,"Aged Care, Disability & Social Services",inferred
HENKEL AUSTRALIA PTY LTD,Manufacturing & Industrial,inferred
Henley Arch Pty Ltd,Engineering & Construction,inferred
Henning Harders (Australia) Pty Ltd,Transport & Logistics,inferred
HENRY SCHEIN REGIONAL PTY LIMITED,"Healthcare, Medical & Pharmaceutical",inferred
HEP Australia Holdings Pty Ltd,Unknown / To Check,unresolved
HERBERT SMITH FREE-HILLS,Legal Services,inferred
HERITAGE BANK LIMITED,Banking & Financial Services,original
HERRENKNECHT (AUSTRALIA) PTY LTD,Manufacturing & Industrial,inferred
Herron Todd White Australia,Real Estate & Property,inferred
HERTZ AUSTRALIA PTY LIMITED,Automotive,inferred
Hervey Bay RSL & Services Memorial Club INC,"Hospitality, Travel & Tourism",inferred
HESTON MRO PTY LTD,Aviation & Aerospace,inferred
Hewlett-Packard Australia Pty Ltd,Information Technology & Software,original
HEXAWARE TECHNOLOGIES LIMITED,Information Technology & Software,original
HEXION PTY LTD,Manufacturing & Industrial,inferred
Heywood Rural Health,"Healthcare, Medical & Pharmaceutical",original
HIJAWEI TECHNOLOGIES(AUSTRALIA) PTY LTD,Information Technology & Software,original
Hikvision Australia Pty Ltd,Manufacturing & Industrial,inferred
Hilal Meat Products Company Pty Ltd,"Agriculture, Food & Beverage",original
Hills Medical Pty Ltd,"Healthcare, Medical & Pharmaceutical",original
HILTI (AUST.) PTY. LTD.,Manufacturing & Industrial,inferred
Hilton Foods Australia Pty Ltd,"Hospitality, Travel & Tourism",original
HILTON HOTELS OF AUSTRALIA PTY LIMITED,"Hospitality, Travel & Tourism",original
HINES AUSTRALIA PTY LTD,Real Estate & Property,inferred
HINO MOTOR SALES AUSTRALIA PTY LTD,Automotive,inferred
Hipages Group Pty Ltd,Information Technology & Software,inferred
HIREUP PTY. LTD.,"Aged Care, Disability & Social Services",inferred
HISEIS PTY LTD,"Mining, Resources & Energy",inferred
Hitachi Australia Pty Ltd,Manufacturing & Industrial,inferred
HITACHI CONSTRUCTION MACHINERY (AUSTRALIA) PTY LTD,Engineering & Construction,original
Hitachi Energy Australia Pty Ltd,"Mining, Resources & Energy",original
HITACHI RAIL GTS AUSTRALIA PTY LTD,Transport & Logistics,original
HITACHI RAIL STS AUSTRALIA PTY LTD,Transport & Logistics,original
HKA Global Pty Ltd,"Consulting, Accounting & Professional Services",inferred
HLB MANN JUDD (NSW) PTY LTD,"Consulting, Accounting & Professional Services",inferred
HLB MANN JUDD (VIC) PTY LTD,"Consulting, Accounting & Professional Services",inferred
HM Advisory Pty Ltd,"Consulting, Accounting & Professional Services",original
HOFCO Oilfield Services Pty Ltd,"Mining, Resources & Energy",inferred
Hofmann Engineering Pty Ltd,Engineering & Construction,original
HOGAN LOVELLS SERVICES (AUSTRALIA) PTY LIMITED & N LESTER & T LESTER,Legal Services,inferred
Holcim (Australia) Pty Ltd,Manufacturing & Industrial,inferred
Holmesglen Institute,Education - Schools & Training,inferred
HOLMWOOD HIGHGATE (AUST.) PTY. LTD.,Manufacturing & Industrial,inferred
Honan Insurance Group Pty Ltd,Insurance,original
HONDA AUSTRALIA MOTORCYCLE AND POWER EQUIPMENT PTY. LTD.,Automotive,original
HONEYWELL LTD,Manufacturing & Industrial,inferred
HOPEFUL MONSTERS GLOBAL PTY LIMITED,Marketing & Advertising,inferred
HORSHAM SPECIAL DEVELOPMENTAL SCHOOL,Education - Schools & Training,original
HOSCH International Pty Ltd,Manufacturing & Industrial,inferred
Hoshizaki Lancer Pty Ltd,Manufacturing & Industrial,inferred
Howden Australia Pty Ltd,Manufacturing & Industrial,inferred
Hoya Lens Australia pty ltd,"Healthcare, Medical & Pharmaceutical",inferred
HP PPS Australia Pty Ltd,Information Technology & Software,inferred
HQPLANTATIONS PTY LTD,"Agriculture, Food & Beverage",inferred
HSBC BANK AUSTRALIA LIMITED,Banking & Financial Services,original
HubSpot Australia Pty Ltd,Banking & Financial Services,original
HUDSON GLOBAL RESOURCES (AUST) PTY LIMITED,"Mining, Resources & Energy",original
Hudson Institute of Medical Research,"Healthcare, Medical & Pharmaceutical",original
Hudson Meats Co Pty Ltd,"Agriculture, Food & Beverage",inferred
Hudson RPO (Aust) Pty Ltd,"Recruitment, HR & Labour Hire",inferred
HUMANITY HEALTH GROUP PTY LTD,"Healthcare, Medical & Pharmaceutical",original
Hume Valley School,Education - Schools & Training,original
humm Group Limited,Banking & Financial Services,inferred
HUNGRY JACK'S PTY LTD,"Hospitality, Travel & Tourism",inferred
HUNT ARCHITECTS PTY LTD,Architecture & Design,inferred
HUNTER MARINE SURVEYORS PTY LTD,"Consulting, Accounting & Professional Services",inferred
Hunter New England Local Health District,"Healthcare, Medical & Pharmaceutical",original
HUNTER VALLEY CARE PTY. LIMITED,"Aged Care, Disability & Social Services",inferred
HUNTINGDALE PRIMARY SCHOOL,Education - Schools & Training,original
Huon Aquaculture Company Pty Ltd,"Agriculture, Food & Beverage",inferred
HUSSEY & CO PTY LTD,"Agriculture, Food & Beverage",inferred
Hussmann Australia Pty Ltd,Manufacturing & Industrial,inferred
HUTCHEON & PEARCE OPERATIONS PTY LTD,"Agriculture, Food & Beverage",inferred
HYDRATIGHT (ASIA PACIFIC) PTY LTD,Manufacturing & Industrial,inferred
HYDRO MAJESTIC HOLDINGS PTY LTD,"Mining, Resources & Energy",original
HYDRO-ELECTRIC CORPORATION,"Mining, Resources & Energy",original
HYGIENE SYSTEMS AUSTRALIA PTY LTD,Information Technology & Software,original
HYSTER-YALE ASIA-PACIFIC PTY LTD,Manufacturing & Industrial,inferred
HYUNDAI MOTOR COMPANY AUSTRALIA PTY LTD,Automotive,original
Hyundai Rotem Company,Automotive,original
I  E Pty Ltd,Unknown / To Check,unresolved
I-J&U PTY LTD,Unknown / To Check,unresolved
I-JEA PTY LTD,Unknown / To Check,unresolved
I-JON PTY LTD,Unknown / To Check,unresolved
I-MED RADIOLOGY NETWORK LIMITED,Information Technology & Software,original
I-SH Auto (Sydney) Pty Ltd,Automotive,inferred
I.C.E Vacations Asia Pacific Pty Ltd,"Hospitality, Travel & Tourism",inferred
IAN WEIGH MOTORS PTY LTD AND WEIGH PROPERTY INVESTMENTS PTY LTD,Banking & Financial Services,original
IAS FINE ART LOGISTICS PTY. LIMITED,Transport & Logistics,original
Iberdrola Australia Services Pty Limited,"Mining, Resources & Energy",inferred
IBM AUSTRALIA LTD,Information Technology & Software,original
ICE Data Services Australia Pty Ltd,Information Technology & Software,original
ICI INDUSTRIES PTY LTD,Manufacturing & Industrial,original
ICOM (AUSTRALIA) PTY LTD,Telecommunications,inferred
ICON CLINICAL RESEARCH PTY LIMITED,"Healthcare, Medical & Pharmaceutical",original
ICON CORPORATE SERVICES PTY LTD,Unknown / To Check,unresolved
ICON WATER LIMITED,Government & Public Sector,inferred
IDAMENEO (NO.123) PTY LTD,"Healthcare, Medical & Pharmaceutical",inferred
Idea Science Pty Ltd,Unknown / To Check,unresolved
IDEMITSU AUSTRALIA PTY LTD.,"Mining, Resources & Energy",inferred
Identitii Limited,Information Technology & Software,inferred
IDEXX LABORATORIES PTY LIMITED,"Healthcare, Medical & Pharmaceutical",inferred
IDG COMMUNICATIONS PTY LTD,Telecommunications,original
IDP EDUCATION LIMITED,Education - Schools & Training,original
IF-M INVESTORS PTY LTD,Banking & Financial Services,inferred
IFC Global Logistics Pty Ltd,Transport & Logistics,original
IFS AUSTRALIA PTY LTD,Information Technology & Software,inferred
IG Australia Pty Ltd,Banking & Financial Services,inferred
IGO Limited,"Mining, Resources & Energy",inferred
IH Sydney Training Services Pty Ltd,Education - Schools & Training,original
IHC Holdings Pty Ltd,Unknown / To Check,unresolved
IHG Hotels Management (Aust) Pty Ltd,"Hospitality, Travel & Tourism",original
IKEA PTY LIMITED,Consumer Goods & Retail,inferred
ILIJKA RESOURCES LIMITED,"Mining, Resources & Energy",original
ILLAWARRA COAL HOLDINGS PTY LTD,"Mining, Resources & Energy",original
ILLAWARRA RETIREMENT TRUST,"Aged Care, Disability & Social Services",original
ILLAWARRA SHOALHAVEN LOCAL HEALTH DISTRICT,"Healthcare, Medical & Pharmaceutical",original
ILLION AUSTRALIA PTY LTD,Banking & Financial Services,inferred
Illumina Australia Pty Ltd,"Healthcare, Medical & Pharmaceutical",inferred
Imaging Associates Australia Pty Ltd,"Healthcare, Medical & Pharmaceutical",inferred
IMC Pacific Pty Ltd,Banking & Financial Services,inferred
IMMUTABLE PTY LTD,Information Technology & Software,inferred
IMPERIAL TOBACCO AUSTRALIA LIMITED,Consumer Goods & Retail,inferred
INCHCAPE AUSTRALIA LIMITED,Engineering & Construction,original
Incitec Pivot Limited,Manufacturing & Industrial,inferred
INCUBETA AUSTRALIA PTY LIMITED,Marketing & Advertising,inferred
INDEED AUSTRALIA PTY LTD,"Recruitment, HR & Labour Hire",inferred
Indie Education,Education - Schools & Training,original
INDIGENOUS WELLBEING CENTRE LTD,"Healthcare, Medical & Pharmaceutical",inferred
Indigo North Health Inc,"Healthcare, Medical & Pharmaceutical",original
Inditex Australia Pty Ltd,Consumer Goods & Retail,inferred
Indra Australia Pty Ltd,Information Technology & Software,inferred
INDUSTRIAL AND COMMERCIAL BANK OF CHINA LIMITED,Banking & Financial Services,original
INDUSTRIAL FOOD SERVICES PTY LIMITED,"Agriculture, Food & Beverage",original
INFINITY PATH PTY LTD,Unknown / To Check,unresolved
Influmedia Pty Ltd,Marketing & Advertising,inferred
Infocentric Pty Ltd,Information Technology & Software,inferred
Infor Global Solutions (ANZ) Pty Ltd,Information Technology & Software,inferred
Informa Australia Pty Ltd,"Media, Entertainment & Creative",inferred
Informatica Australia Pty Limited,Information Technology & Software,inferred
Infotrack Pty Limited,Information Technology & Software,inferred
INFRABUILD TRADING PTY LTD,Manufacturing & Industrial,inferred
INFRASTRUCTURE NSW,Engineering & Construction,original
Infrastructure Partnerships Australia Lt,Engineering & Construction,original
ING Bank (Australia) Limited,Banking & Financial Services,original
Ingeteam Australia Pty Ltd,Manufacturing & Industrial,inferred
INGHAM INSTITUTE FOR APPLIED MEDICAL RESEARCH,"Healthcare, Medical & Pharmaceutical",original
INGHAMS ENTERPRISES PTY. LIMITED,"Agriculture, Food & Beverage",inferred
INGRAM MICRO PTY LTD,Information Technology & Software,inferred
Inguz Harvest Pty Ltd,Unknown / To Check,unresolved
Inhabit Australasia Pty Ltd,Engineering & Construction,inferred
INNER SYDNEY MONTESSORI ASSOCIATION,Education - Schools & Training,original
Inner West Council,Government & Public Sector,original
Innomotics Pty Ltd,Manufacturing & Industrial,inferred
INNOVATIVE ASSET SOLUTIONS PTY LTD,Unknown / To Check,unresolved
INNOVATIVE SYSTEMS AND DESIGN GROUP PTY LTD,Information Technology & Software,original
INPEX Australia Pty Ltd,"Mining, Resources & Energy",inferred
INPEX BROWSE LTD,"Mining, Resources & Energy",inferred
INSIGHT ENTERPRISES AUSTRALIA PTY LTD,Information Technology & Software,inferred
INSPEC RESOURCES PTY LTD,"Mining, Resources & Energy",original
INSPECTIONS X-RAY & TESTING PTY LTD,"Consulting, Accounting & Professional Services",inferred
INSTITUTE OF MINE SEISMOLOGY PTY LTD,"Mining, Resources & Energy",inferred
Instructure Australia Pty LTD,Information Technology & Software,inferred
INSURANCE AUSTRALIA GROUP SERVICES PTY LIMITED,Insurance,original
Integrated Clinical Oncology Network Pty Ltd,"Healthcare, Medical & Pharmaceutical",original
INTEGRATED DISABILITY SUPPORT SERVICES LTD,"Aged Care, Disability & Social Services",original
Integrated Research Limited,Information Technology & Software,inferred
Inteliment Consulting Australia Pty Ltd,Information Technology & Software,original
Intellihub Australia Pty Ltd,Information Technology & Software,original
Inter Steel Pty Ltd,Engineering & Construction,original
interactive pty ltd,Information Technology & Software,inferred
INTERGRAPH PP&M AUSTRALIA PTY LTD,Information Technology & Software,inferred
Intermain Pty Ltd,Engineering & Construction,inferred
"INTERNATIONAL COLLEGE OF MANAGEMENT, SYDNEY PTY. LIMITED",Education - Schools & Training,original
INTERNATIONAL LUBRICANT DISTRIBUTORS PTY LTD,Manufacturing & Industrial,inferred
International Management Group of America Pty Ltd,"Media, Entertainment & Creative",inferred
International Power (Australia) Pty Ltd,"Mining, Resources & Energy",original
INTERNATIONAL SOS (AUSTRALASIA) PTY LTD,"Healthcare, Medical & Pharmaceutical",inferred
Internet Services Australia 1 PTY LTD,Information Technology & Software,inferred
INTERPRO AUSTRALIA PTY LTD,"Recruitment, HR & Labour Hire",inferred
INTERSYSTEMS AUSTRALIA PTY LIMITED,Information Technology & Software,inferred
INTERTEK MANAGEMENT SERVICES (AUSTRALIA) PTY LTD,"Consulting, Accounting & Professional Services",inferred
Interwell Australia Pty Ltd,"Mining, Resources & Energy",inferred
Intralox Australia Pty Ltd,Manufacturing & Industrial,inferred
INTREC MANAGEMENT PTY LTD,Engineering & Construction,inferred
INTREPID TRAVEL PTY. LTD.,"Hospitality, Travel & Tourism",original
INTRIM GROUP PTY LTD,Manufacturing & Industrial,inferred
Intuit Australia Pty Ltd,Information Technology & Software,inferred
Invenio Pty. Ltd.,Information Technology & Software,inferred
Investment NSW,Banking & Financial Services,original
INVISALIGN AUSTRALIA PTY LIMITED,"Healthcare, Medical & Pharmaceutical",inferred
Invocare Limited,Consumer Goods & Retail,inferred
IOOF SERVICE CO PTY LTD,Banking & Financial Services,inferred
IPSCAPE PTY LTD,Information Technology & Software,inferred
Ipsen Pty Ltd,"Healthcare, Medical & Pharmaceutical",inferred
IPSOS Pty Ltd,Marketing & Advertising,inferred
IQVIA RDS Pty. Limited,"Healthcare, Medical & Pharmaceutical",inferred
IQVIA Solutions Australia Pty. Ltd.,"Healthcare, Medical & Pharmaceutical",inferred
IRABINA AUTISM SERVICES,"Aged Care, Disability & Social Services",inferred
IRE-SS LIMITED,Information Technology & Software,inferred
Irizar Asia Pacific Pty Ltd,Automotive,inferred
IRONMAN 4X4 PTY LTD,Automotive,inferred
Irymple Secondary College,Education - Schools & Training,original
Isaac Regional Council,Government & Public Sector,original
ISENTIA PTY LIMITED,Information Technology & Software,original
ISG INFORMATION SERVICES GROUP AMERICAS INC,"Consulting, Accounting & Professional Services",inferred
ISLAMIC COLLEGE OF BRISBANE LTD,Education - Schools & Training,original
ISPHERE GLOBAL PTY. LTD.,Information Technology & Software,inferred
ISUZU AUSTRALIA LIMITED,Automotive,inferred
Isuzu Ute Australia Pty Ltd,Automotive,inferred
ITOCHU AUSTRALIA LTD,"Mining, Resources & Energy",inferred
ITT BLAKERS PTY LTD,Manufacturing & Industrial,inferred
ITV STUDIOS AUSTRALIA PTY LTD,"Media, Entertainment & Creative",original
IVE Group Australia Pty Limited,Marketing & Advertising,inferred
IWATANI AUSTRALIA PTY LTD,Manufacturing & Industrial,inferred
J & P RICHARDSON INDUSTRIES PTY LTD,Manufacturing & Industrial,original
J Blackwood & Son Pty Ltd,Manufacturing & Industrial,inferred
J& L Hirst Pty Ltd,Unknown / To Check,unresolved
J-Power Australia Pty Ltd,"Mining, Resources & Energy",original
J.N ABRAHAMS & OTHERS,Unknown / To Check,unresolved
J.P. Morgan Administrative Services Pty Ltd,Banking & Financial Services,original
J.R Arklay & Others,Unknown / To Check,unresolved
J.R.B. SERVICES PTY LTD,Unknown / To Check,unresolved
JACANA SCHOOL FOR AUTISM,Education - Schools & Training,original
Jacobs Group (Australia) Pty Ltd,Engineering & Construction,inferred
JADESTONE ENERGY (AUSTRALIA) PTY LTD,"Mining, Resources & Energy",original
JAMES & MONROE PTY LTD,Unknown / To Check,unresolved
JAMES COOK UNIVERSITY,Education - Universities & Higher Ed,original
JAMES FRIZELLE'S AUTOMOTIVE GROUP PTY. LTD.,Automotive,inferred
JAMES HARDIE AUSTRALIA PTY LTD,Manufacturing & Industrial,original
JAN DE NUL (AUSTRALIA) PTY LTD,Engineering & Construction,inferred
JANART HOLDINGS PTY LTD,Unknown / To Check,unresolved
JANOME AUSTRALIA PTY. LTD.,Consumer Goods & Retail,inferred
JANSSEN-CILAG PTY LTD,"Healthcare, Medical & Pharmaceutical",inferred
"Japan Airlines Co., Ltd.",Aviation & Aerospace,original
Japan Australia LNG (MIMI) Pty Ltd,"Mining, Resources & Energy",inferred
JARDAN AUSTRALIA PTY LTD,Consumer Goods & Retail,inferred
JARLAM AUSTRALIA PTY LTD,Unknown / To Check,unresolved
JAS FORWARDING WORLDWIDE PTY LIMITED,Transport & Logistics,inferred
JAWS HENDERSON INVESTORS (AUSTRALIA) LIMITED,Banking & Financial Services,inferred
JBS AUSTRALIA PTY LIMITED,"Agriculture, Food & Beverage",inferred
JCD AUSTRALIA PTY LTD,Unknown / To Check,unresolved
JCDECAUX AUSTRALIA TRADING PTY LTD,Marketing & Advertising,inferred
JCurve Solutions Limited,Information Technology & Software,inferred
JD Sports Fashion Australia Pty Ltd,Consumer Goods & Retail,original
JDH Architects Pty Ltd,Architecture & Design,inferred
JDR DESIGN AND SOLUTIONS PTY LTD,Unknown / To Check,unresolved
Jennings Street School,Education - Schools & Training,original
JERA AUSTRALIA PTY LTD,"Mining, Resources & Energy",inferred
JESMOND AGED CARE PTY LIMITED,"Aged Care, Disability & Social Services",original
Jesuit Social Services Limited,"Religious, Charitable & Non-profit",inferred
Jet Aviation Australia Pty Ltd,Aviation & Aerospace,original
Jetstar Airways Pty Limited,Aviation & Aerospace,original
JFE SHOJI AUSTRALIA PTY LTD,Manufacturing & Industrial,inferred
JFE STEEL AUSTRALIA RESOURCES PTY LTD,"Mining, Resources & Energy",original
JGC OCEANIA PTY LTD,Engineering & Construction,inferred
JHA Consulting Engineers (NSW) Pty Ltd,Engineering & Construction,original
JMC PTY. LIMITED,Unknown / To Check,unresolved
JMD Railtech Pty Ltd,Engineering & Construction,inferred
Job Adder Operations Pty Ltd,Information Technology & Software,inferred
John Crane Australia Pty Limited,Manufacturing & Industrial,inferred
John Deere Limited,"Agriculture, Food & Beverage",inferred
John Fawkner Secondary College,Education - Schools & Training,original
John Holland Group Pty Ltd,Engineering & Construction,inferred
JOHN SWIRE & SONS (AUSTRALIA) PTY LTD,Transport & Logistics,inferred
"JOHN WILEY AND SONS AUSTRALIA, LTD","Media, Entertainment & Creative",inferred
Johns Lyng Group Pty Ltd,Engineering & Construction,inferred
JOHNSON & JOHNSON MEDICAL PTY LTD,"Healthcare, Medical & Pharmaceutical",original
Johnson & Johnson Pacific Pty Limited,"Healthcare, Medical & Pharmaceutical",original
Joii Limited,Unknown / To Check,unresolved
Jones Lang Lasalle (NSW) Pty Limited,Real Estate & Property,inferred
JOWETT MOTOR GROUP PTY LTD,Automotive,inferred
JPAFM Pty Ltd,Unknown / To Check,unresolved
JTEKT SALES AUSTRALIA PTY LTD,Manufacturing & Industrial,inferred
Jungheinrich Australia Holdings Pty Ltd,Manufacturing & Industrial,inferred
Juniper Networks Australia Pty Limited,Information Technology & Software,original
JURLIQUE INTERNATIONAL PTY LTD,Consumer Goods & Retail,inferred
Just Group Limited,Consumer Goods & Retail,inferred
Just Health Group Pty Ltd,"Healthcare, Medical & Pharmaceutical",original
Justice Health and Forensic Mental Health Network,"Healthcare, Medical & Pharmaceutical",original
JVCKENWOOD AUSTRALIA PTY LTD,Manufacturing & Industrial,inferred
K & L Gates,Legal Services,inferred
K2LD Architects Pty Ltd,Architecture & Design,inferred
KAC NOMINEES PTY LTD,Unknown / To Check,unresolved
Kaefer Integrated Services Pty Ltd,Engineering & Construction,inferred
KAESER COMPRESSORS AUSTRALIA PTY. LIMITED,Manufacturing & Industrial,inferred
Kajima Australia Pty Ltd,Engineering & Construction,inferred
Kalmar Equipment Australia Pty Ltd,Manufacturing & Industrial,original
Kambala,Education - Schools & Training,inferred
KANEMATSU AUSTRALIA LTD,Manufacturing & Industrial,inferred
Kansai Electric Power Holdings Australia Pty Ltd,"Mining, Resources & Energy",original
KANTAR INSIGHTS AUSTRALIA PTY LTD,Marketing & Advertising,inferred
KANTAR PUBLIC AUSTRALIA PTY LTD,Government & Public Sector,original
Kaplan Australia Pty Limited,Education - Schools & Training,inferred
Karara Mining Limited,"Mining, Resources & Energy",original
KAREDIS NOOSA PACIFIC pn' LIMITED & LAI-INDY NOOSA PACIFIC PTY LIMITED,"Hospitality, Travel & Tourism",inferred
Karoon Energy Limited,"Mining, Resources & Energy",original
Karwan Primary School,Education - Schools & Training,original
KASADA PTY LTD,"Hospitality, Travel & Tourism",inferred
Katanal Pty Ltd,Unknown / To Check,unresolved
KATHERINE HIGH SCHOOL COUNCIL INC,Education - Schools & Training,original
KATOOMBA GLOBAL FOODS PTY LTD,"Agriculture, Food & Beverage",original
Katzion Technology Solutions Pty. Ltd.,Information Technology & Software,inferred
KCB Australia Pty Ltd,Engineering & Construction,inferred
KDR Victoria Pty Ltd,Transport & Logistics,inferred
KEB HANA BANK,Banking & Financial Services,original
KEEP LEFT PTY LTD,Marketing & Advertising,inferred
Kelbon Project Services Pty Limited,Engineering & Construction,inferred
Keller Pty Ltd,Engineering & Construction,inferred
KELLOGG (AUST.) PTY. LTD.,"Agriculture, Food & Beverage",inferred
Kellogg Brown and Root Pty Ltd,Engineering & Construction,inferred
KELLY & CO HOTELS PTY LTD,"Hospitality, Travel & Tourism",original
KEMPE SERVICES PTY LTD,Engineering & Construction,inferred
Kennards Hire Pty Limited,Engineering & Construction,inferred
Kensington Primary School,Education - Schools & Training,original
Kent Projects Pty Ltd,Unknown / To Check,unresolved
KENT RELOCATION GROUP PTY LTD,Transport & Logistics,inferred
KENTUCKY FRIED CHICKEN PTY LTD,"Hospitality, Travel & Tourism",inferred
KEPPEL BAY MARINA PTY LTD,"Hospitality, Travel & Tourism",inferred
Kerang District Health,"Healthcare, Medical & Pharmaceutical",original
KERANG TECHNICAL HIGH SCHOOL,Education - Schools & Training,original
Kerman Contracting Pty Ltd,Engineering & Construction,original
KERRY INGREDIENTS AUSTRALIA PTY. LIMITED,"Agriculture, Food & Beverage",inferred
KEY ASSETS THE CHILDREN'S SERVICES PROVIDER (AUSTRALIA) LIMITED,"Aged Care, Disability & Social Services",inferred
Keysborough Secondary College,Education - Schools & Training,original
Keysight Technologies Australia Pty Ltd,Information Technology & Software,original
KEYSTART LOANS LTD,Banking & Financial Services,inferred
KIA AUSTRALIA PTY LTD,Automotive,original
"Kico Knee Innovation Company, Pty Ltd","Healthcare, Medical & Pharmaceutical",inferred
KIESER-TRAINING PTY LTD,Education - Schools & Training,original
KIJMHO TYRE AUSTRALIA PTY LIMITED,Automotive,inferred
KILDARE EDUCATION MINISTRIES LIMITED,Education - Schools & Training,original
Killarney Memorial Aged Care Ltd,"Aged Care, Disability & Social Services",original
KILMORE RACING CLUB INCORPORATED,"Media, Entertainment & Creative",inferred
KIMBERLEY ABORIGINAL MEDICAL SERVICES,"Healthcare, Medical & Pharmaceutical",original
Kincoppal - Rose Bay School,Education - Schools & Training,original
KINETIC FLEET SERVICES PTY LTD,Transport & Logistics,inferred
KINETIC IT PTY LTD,Information Technology & Software,inferred
KING KONG CORPORATION PTY LTD,Marketing & Advertising,inferred
Kingspan Insulation Pty Ltd,Manufacturing & Industrial,inferred
KINNECT PTY LTD,"Healthcare, Medical & Pharmaceutical",inferred
KKR AUSTRALIA PTY LTD,Banking & Financial Services,inferred
Kmart Australia Ltd,Consumer Goods & Retail,inferred
Knapp Australia Pty Ltd,Manufacturing & Industrial,inferred
Knight Frank Australia Pty Ltd,Real Estate & Property,inferred
Knight Piesold Pty Ltd,Engineering & Construction,inferred
Knorr-Bremse Australia Pty Limited,Automotive,inferred
Known Pty Ltd,Unknown / To Check,unresolved
Knox Grammar School,Education - Schools & Training,original
KOALA SLEEP PTY LTD,Consumer Goods & Retail,inferred
KOBELCO CONSTRUCTION MACHINERY AUSTRALIA PTY LIMITED,Engineering & Construction,original
Kogan HR Pty Ltd,Consumer Goods & Retail,inferred
KOGNITIV AUSTRALIA PTY LTD,Information Technology & Software,inferred
Koichi Takada Architects Pty Ltd,Architecture & Design,inferred
KOJO Studios Pty Ltd,"Media, Entertainment & Creative",original
KOMATSU AUSTRALIA PTY LTD,Manufacturing & Industrial,inferred
KOMATSU FORKLIFT AUSTRALIA PTY LTD,Manufacturing & Industrial,inferred
KONAMI AUSTRALIA PTY LTD,"Media, Entertainment & Creative",inferred
Kone Elevators Pty Ltd,Manufacturing & Industrial,inferred
KONECRANES AND DE-MAG PTY LTD,Manufacturing & Industrial,inferred
Kongsberg Maritime Pty Ltd,Defence & Aerospace,inferred
Konica Minolta Business Solutions Australia Pty Ltd,Manufacturing & Industrial,inferred
KOOLRITE CONSTRUCTION PTY LTD,Engineering & Construction,original
KORDAMENTHA PTY LTD,"Consulting, Accounting & Professional Services",inferred
KOREAN AIRLINES CO. LTD,Aviation & Aerospace,original
KORN FERRY (AU) PTY LTD,"Recruitment, HR & Labour Hire",inferred
Kororoit Creek Primary School,Education - Schools & Training,original
KOTZUR PTY LTD,"Agriculture, Food & Beverage",inferred
Kounta Pty Limited,Information Technology & Software,inferred
KPMG AUSTRALIAN SERVICES PTY LTD,"Consulting, Accounting & Professional Services",original
Krones Pacfic Pty Ltd,Manufacturing & Industrial,inferred
KRONOS AUSTRALIA PTY LIMITED,Information Technology & Software,inferred
KSB AUSTRALIA PTY LTD,Manufacturing & Industrial,inferred
KTM AUSTRALIA HOLDING PTY LTD,Automotive,inferred
Kubota Australia Pty Ltd,"Agriculture, Food & Beverage",inferred
Kuehne & Nagel Pty Ltd,Transport & Logistics,inferred
Kufpec Australia Pty Ltd,"Mining, Resources & Energy",inferred
Kulani Kinis Pty Limited,Consumer Goods & Retail,inferred
KULLEEN pn' LTD,Unknown / To Check,unresolved
KUMAR MOTORS (BANKSTOWN) PTY LTD,Automotive,inferred
KURI_JNJANG SECONDARY COLLEGE,Education - Schools & Training,original
KURNAI COLLEGE,Education - Schools & Training,original
KYABRAM AND DISTRICT HEALTH SERVICE,"Healthcare, Medical & Pharmaceutical",original
Kyndryl Australia Pty Ltd,Information Technology & Software,inferred
KYOCERA DOCUMENT SOLUTIONS AUSTRALIA PTY LTD,Manufacturing & Industrial,inferred
L G Software Solutions Pty Ltd,Information Technology & Software,original
L'OCCITANE AUSTRALIA PTY LTD,Consumer Goods & Retail,inferred
L'OREAL AUSTRALIA PTY LTD,Consumer Goods & Retail,inferred
L.E.K. Consulting Australia Pty Ltd,"Consulting, Accounting & Professional Services",original
L.V. DOHNT & CO. PTY. LIMITED,Unknown / To Check,unresolved
La Trobe University,Education - Universities & Higher Ed,original
LACTALIS AUSTRALIA PTY LTD,"Agriculture, Food & Beverage",inferred
LAING O'ROURKE AUSTRALIA CONSTRUCTION PTY LTD,Engineering & Construction,original
Lake George Hotel Pty Ltd,"Hospitality, Travel & Tourism",original
LALOR SECONDARY COLLEGE,Education - Schools & Training,original
LAMATTINA HOLDINGS PTY LTD,"Agriculture, Food & Beverage",inferred
LAMINEX GROUP PTY LIMITED,Manufacturing & Industrial,inferred
LANDIS & GYR PTY LTD,Manufacturing & Industrial,inferred
Landpower Australia Pty Ltd,"Agriculture, Food & Beverage",inferred
LARKENLEA NOMINEES PTY LTD,Unknown / To Check,unresolved
Larrakia Nation Aboriginal Corporation,Automotive,original
LASERBOND LIMITED,Manufacturing & Industrial,inferred
LATITUDE FINANCIAL SERVICES AUSTRALIA HOLDINGS PTY LTD,Banking & Financial Services,original
Latrobe Community Health Service Limited,"Healthcare, Medical & Pharmaceutical",original
Latrobe Regional Health,"Healthcare, Medical & Pharmaceutical",original
LAUNCH HOUSING LIMITED,"Religious, Charitable & Non-profit",inferred
LAVAZZA AUSTRALIA PTY LIMITED,"Agriculture, Food & Beverage",inferred
LDA HOLDINGS pn' LTD,Unknown / To Check,unresolved
Leaders IT Services Pty Ltd,Information Technology & Software,inferred
LEAP AUSTRALIA PTY LTD,Information Technology & Software,inferred
LEAP SOFTWARE DEVELOPMENTS PTY LIMITED,Information Technology & Software,original
Learnosity Pty Ltd,Information Technology & Software,inferred
LEASING FINANCE SERVICES PTY LTD,Banking & Financial Services,original
LEDVANCE PTY LTD,Manufacturing & Industrial,inferred
LegalVision ILP Pty Ltd,Legal Services,inferred
LEGRAND AUSTRALIA PTY LTD,Manufacturing & Industrial,inferred
Leica Biosystems Melbourne Pty Ltd,"Healthcare, Medical & Pharmaceutical",inferred
LEIDOS PTY LIMITED,Information Technology & Software,original
LEND ME A HAND PTY LTD,Unknown / To Check,unresolved
Lendlease Corporation Limited,Engineering & Construction,inferred
LENOVO (AUSTRALIA AND NEW ZEALAND) PTY LTD,Information Technology & Software,inferred
LEONARDO AUSTRALIA PTY LTD,Defence & Aerospace,inferred
LG Electronics Australia Pty Ltd,Consumer Goods & Retail,inferred
LIBERTY FINANCIAL GROUP LIMITED,Banking & Financial Services,original
Liberty Industrial Pty Ltd,Manufacturing & Industrial,original
LIBERTY MUTUAL INSURANCE COMPANY,Insurance,original
Liebherr-Australia Pty. Ltd.,Manufacturing & Industrial,inferred
Life Research Pty Ltd,Unknown / To Check,unresolved
Life Trading Pty Ltd,Unknown / To Check,unresolved
LIFE WITHOUT BARRIERS - NEWCASTLE,"Aged Care, Disability & Social Services",inferred
LIFE-FLIGHT RETRIEVAL MEDICINE LIMITED,"Healthcare, Medical & Pharmaceutical",original
Lifehouse Australia,"Healthcare, Medical & Pharmaceutical",inferred
LIFESTYLE SOLUTIONS (AUST) LTD,"Aged Care, Disability & Social Services",inferred
LIFTRITE HIRE AND SALES PTY LTD,Manufacturing & Industrial,inferred
Lighthouse Foundation,"Religious, Charitable & Non-profit",original
LIMEPOINT PTY LTD,Information Technology & Software,inferred
Limestone Coast Local Health Network Incorporated,"Healthcare, Medical & Pharmaceutical",original
Linde Material Handling Pty Ltd,Manufacturing & Industrial,inferred
LINDT & SPRUNGLI (AUSTRALIA) PTY LTD,"Agriculture, Food & Beverage",inferred
LINEAR CLINICAL RESEARCH LTD,"Healthcare, Medical & Pharmaceutical",original
LINFOX PROPRIETARY LIMITED,Transport & Logistics,inferred
Linkedln Singapore Pte. Ltd.,Information Technology & Software,inferred
Linktree Pty Ltd,Information Technology & Software,inferred
LION PTY LTD,"Agriculture, Food & Beverage",inferred
Lithgow Railway Workshop Pty Ltd,Manufacturing & Industrial,inferred
LITTLE COMPANY OF MARY HEALTH CARE LIMITED,"Healthcare, Medical & Pharmaceutical",original
LITTLE GREEN PHARMA LTD,"Healthcare, Medical & Pharmaceutical",inferred
LiveBig Pty Ltd,"Aged Care, Disability & Social Services",inferred
Lloyd Helicopters Pty Ltd,Aviation & Aerospace,inferred
Lloyd's Register International,"Consulting, Accounting & Professional Services",inferred
LMATS PTY LTD,"Consulting, Accounting & Professional Services",inferred
lnDebted Australia Pty Ltd,Banking & Financial Services,inferred
LNW GAMING ANZ PTY LTD,"Media, Entertainment & Creative",original
Local Land Services,Government & Public Sector,inferred
"Lockheed Martin Global, Inc",Defence & Aerospace,inferred
LOGISTEED Australia Pty. Ltd.,Transport & Logistics,inferred
Logos Australia Group Pty Ltd,Real Estate & Property,inferred
Logwin Air & Ocean Australia Pty Ltd,Transport & Logistics,inferred
LOMBARDI NOMINEES PTY LTD,Unknown / To Check,unresolved
LORBRAND ASIA PACIFIC PTY LTD,Manufacturing & Industrial,inferred
Lord Howe Island Board,Government & Public Sector,inferred
LOUIS DREYFUS COMPANY AUSTRALIA PTY LTD,"Agriculture, Food & Beverage",inferred
Louis Vuitton Australia Pty Ltd,Consumer Goods & Retail,inferred
Lowy Institute for International Policy,"Religious, Charitable & Non-profit",inferred
LTK AUSTRALIA PTY LTD,Unknown / To Check,unresolved
LUERSSEN AUSTRALIA PTY LTD,Defence & Aerospace,inferred
Lululemon Athletica Australia Pty Ltd,Consumer Goods & Retail,inferred
Luma Pictures Pty Ltd,"Media, Entertainment & Creative",inferred
Lumen Christi Catholic Primary School,Education - Schools & Training,original
Luminis Partners Pty Ltd,Banking & Financial Services,inferred
LUNDBECK AUSTRALIA PTY LTD,"Healthcare, Medical & Pharmaceutical",inferred
LUTHERAN CHURCH OF AUSTRALIA QUEENSLAND DISTRICT (LUTHERAN COMMUNITY CARE),"Aged Care, Disability & Social Services",original
LUXOFT FINANCIAL SERVICES UK LIMITED,Information Technology & Software,original
Luxottica Retail Australia Pty Limited,Consumer Goods & Retail,original
Luxury Escapes Travel Pty Ltd,"Hospitality, Travel & Tourism",original
Lynas Kalgoorlie Pty Ltd,"Mining, Resources & Energy",inferred
LYNDOCH LIVING LIMITED,"Aged Care, Disability & Social Services",inferred
LYNTON SURVEYS PTY LTD,Engineering & Construction,inferred
M & C Saatchi Agency Pty Ltd,Marketing & Advertising,inferred
M.R.V.L. Investments Pty Ltd,Banking & Financial Services,original
MA ADMINISTRATION SERVICES PTY LTD,Banking & Financial Services,inferred
MACA Mining Pty Ltd,"Mining, Resources & Energy",original
MACDONNELL REGIONAL COUNCIL,Government & Public Sector,original
Mach 1 Panel & Paint Pty Ltd,Automotive,inferred
Mackay Conveyor Equipment Pty Ltd,Manufacturing & Industrial,original
MACKAY SUGAR LIMITED,"Agriculture, Food & Beverage",original
MACKILLOP FAMILY SERVICES LIMITED,"Aged Care, Disability & Social Services",inferred
MACLEAN VALLEY NURSING HOME PTY LIMITED,"Healthcare, Medical & Pharmaceutical",original
MACMAHON HOLDINGS LIMITED,"Mining, Resources & Energy",inferred
Macquarie Bank Limited,Banking & Financial Services,original
Macquarie Corporate Holdings Pty Limited,Banking & Financial Services,original
Macquarie Education Group Australia Pty Ltd,Banking & Financial Services,original
MACQUARIE GROUP SERVICES AUSTRALIA PTY LTD,Banking & Financial Services,original
MACQUARIE TECHNOLOGY OPERATIONS PTY LTD,Banking & Financial Services,original
MACQUARIE UNIVERSITY,Banking & Financial Services,original
Maddocks,Legal Services,inferred
MADER CONTRACTING PTY LTD,Engineering & Construction,original
Maersk A/S,Transport & Logistics,inferred
MAF INTERNATIONAL,"Religious, Charitable & Non-profit",inferred
Magnetic Automation Pty. Ltd.,Manufacturing & Industrial,inferred
Mahindra Automotive Australia Pty Ltd,Automotive,inferred
Main Roads Western Australia,Government & Public Sector,inferred
MAINFREIGHT AIR & OCEAN PTY LTD,Transport & Logistics,inferred
MAINMARK GROUND ENGINEERING PTY LTD,Engineering & Construction,original
Majans Pty Ltd,"Agriculture, Food & Beverage",inferred
MAJURA PARK CHILDCARE CENTRE PTY LTD,Education - Schools & Training,original
MAKITA (AUSTRALIA) PTY LTD,Manufacturing & Industrial,inferred
MAKO TRADING AUSTRALIA PTY LTD,Unknown / To Check,unresolved
Malcolm Thompson Pumps Pty Ltd,Manufacturing & Industrial,inferred
MALLEE TRACK HEALTH AND COMMUNITY SERVICE,"Healthcare, Medical & Pharmaceutical",original
MALTEUROP AUSTRALIA PTY LTD,"Agriculture, Food & Beverage",inferred
Malvern Central School,Education - Schools & Training,original
Mammoet Australia Pty Ltd,Transport & Logistics,inferred
Mammoet Pty Ltd,Transport & Logistics,inferred
MAN ENERGY SOLUTIONS AUSTRALIA PTY LTD,"Mining, Resources & Energy",original
MANAGEMENT REPORTS INTERNATIONAL PTY LIMITED,Unknown / To Check,unresolved
MANHATTAN ASSOCIATES PTY LTD,Information Technology & Software,inferred
MANITOU AUSTRALIA PTY LTD,Manufacturing & Industrial,inferred
Manly-Warringah Sea Eagles Limited,"Media, Entertainment & Creative",inferred
Manor Lakes P - 12 College,Education - Schools & Training,original
Manpower Services (Australia) Pty Ltd,"Recruitment, HR & Labour Hire",original
MANSFIELD DISTRICT HOSPITAL,"Healthcare, Medical & Pharmaceutical",original
Mansfield Secondary College,Education - Schools & Training,original
MANTRA HOSPITALITY ADMIN PTY LTD,"Hospitality, Travel & Tourism",original
MAPS Hotels and Resorts Sydney 1 Pty Ltd,"Hospitality, Travel & Tourism",original
MAPTEK PTY. LIMITED,Information Technology & Software,inferred
MARCHESE PARTNERS INTERNATIONAL PTY LTD,Architecture & Design,inferred
MARCO POLO AGED CARE SERVICES LIMITED,"Aged Care, Disability & Social Services",original
MARIBYRNONG SECONDARY COLLEGE,Education - Schools & Training,original
MARINA DIAGNOSTIC GROUP PTY LTD,"Healthcare, Medical & Pharmaceutical",original
Marketplacer Pty Ltd,Information Technology & Software,inferred
Marlau Nominees Pty Ltd,Unknown / To Check,unresolved
MARRIOTT INTERNATIONAL MANAGEMENT COMPANY B.v.,"Hospitality, Travel & Tourism",original
MARS AUSTRALIA PTY LTD,"Agriculture, Food & Beverage",original
MARSH PTY LTD,Insurance,original
MARSHALL DAY ACOUSTICS PTY LTD,Engineering & Construction,inferred
MARTIN-BROWER AUSTRALIA PTY LTD,Transport & Logistics,inferred
MARUBENI AUSTRALIA LTD,"Mining, Resources & Energy",inferred
MARUBENI RESOURCES DEVELOPMENT PTY LTD,"Mining, Resources & Energy",original
Marubeni-Itochu Tubulars Oceania Pty Ltd,Manufacturing & Industrial,inferred
Maryborough District Health Service,"Healthcare, Medical & Pharmaceutical",original
Mastercard Asia/Pacific (Australia) Pty Ltd,Banking & Financial Services,original
Masterpet Australia Pty Ltd,Consumer Goods & Retail,inferred
MATER MISERICORDIAE LTD,"Healthcare, Medical & Pharmaceutical",inferred
Mathspace Pty Ltd,Information Technology & Software,inferred
MATTEL PTY LIMITED,Consumer Goods & Retail,inferred
Maven Securities Australia Pty Ltd,Banking & Financial Services,original
Maxam Australia Pty ltd,"Mining, Resources & Energy",inferred
MAYNE PHARMA INTERNATIONAL PTY LTD,"Healthcare, Medical & Pharmaceutical",inferred
Mazars Global Infrastructure Finance (Australia) Pyt Ltd,Engineering & Construction,original
MAZDA AUSTRALIA PTY LIMITED,Automotive,original
MB SOLUTIONS AUSTRALIA PTY LTD,Unknown / To Check,unresolved
MBGSHOLDINGS PTY LTD,Unknown / To Check,unresolved
MBMpl Pty Ltd,Unknown / To Check,unresolved
MC DONALDS AUSTRALIA LIMITED,"Hospitality, Travel & Tourism",inferred
MC Labour Services PTY LTD,"Recruitment, HR & Labour Hire",inferred
MCARTHUR (VIC) PTY LTD,"Recruitment, HR & Labour Hire",inferred
MCC VERSTRAETE AUSTRALIA PTY LTD,Manufacturing & Industrial,inferred
MCCAIN FOODS (AUST) PTY LTD,"Agriculture, Food & Beverage",original
MCCANN WORLDGROUP PTY LIMITED,Marketing & Advertising,inferred
MCCARROLL'S OF MOSS VALE PTY LTD,Automotive,inferred
McCLELLAND SECONDARY COLLEGE,Education - Schools & Training,original
MCCONNELL DOWELL CONSTRUCTORS (AUST) PTY LTD,Engineering & Construction,inferred
McCorkelI & Associates Pty Limited,Engineering & Construction,inferred
McCosker Contracting Pty Ltd,Engineering & Construction,original
MCD Australia Pty Ltd,Unknown / To Check,unresolved
MCDERMOTT AUSTRALIA PTY. LTD.,Engineering & Construction,inferred
McHugh Steel Pty Ltd,Engineering & Construction,original
McKinsey Pacific Rim Inc,"Consulting, Accounting & Professional Services",original
McLean Packing Staff Pty Ltd,"Recruitment, HR & Labour Hire",inferred
MDEGROUP PTY LTD,Unknown / To Check,unresolved
ME-DECINS SANS FRONTIERES AUSTRALIA LIMITED,"Religious, Charitable & Non-profit",inferred
ME-DI.COM AUSTRALIA PTY. LTD.,Unknown / To Check,unresolved
ME-DPACE AUSTRALIA PTY LIMITED,"Healthcare, Medical & Pharmaceutical",inferred
ME-NIJLOG PTY LTD,"Hospitality, Travel & Tourism",inferred
ME-TSO AUSTRALIA PTY LTD,Manufacturing & Industrial,inferred
MEAT HAPPINESS PTY LTD,"Agriculture, Food & Beverage",original
Meat Inspectors Pty Ltd,"Agriculture, Food & Beverage",original
Mecca Brands Pty Ltd,Consumer Goods & Retail,original
Medallia Australia Pty Ltd,Information Technology & Software,inferred
MedHealth Pty Limited,"Healthcare, Medical & Pharmaceutical",inferred
Mediabrands Australia Pty Ltd,Marketing & Advertising,inferred
Medibank Private Limited,Insurance,original
Medicheck Australia Pty Ltd,"Healthcare, Medical & Pharmaceutical",inferred
Medina Property Services Pty Ltd,Real Estate & Property,original
MEDITECH PTY LTD ATF MEDITECH TRUST,Information Technology & Software,inferred
Medrecruit International LP,"Recruitment, HR & Labour Hire",inferred
MEDTRONIC AUSTRALASIA PTY LTD,"Healthcare, Medical & Pharmaceutical",original
Meiko Australia Pacific Pty Ltd,Manufacturing & Industrial,inferred
MELANOMA INSTITUTE AUSTRALIA,"Healthcare, Medical & Pharmaceutical",inferred
Melba Secondary College,Education - Schools & Training,original
MELBOURNE ARCHDIOCESE CATHOLIC SCHOOLS LTD,Education - Schools & Training,original
Melbourne Business School Limited,Education - Schools & Training,original
MELBOURNE CITY FC PTY LTD,"Media, Entertainment & Creative",inferred
Melbourne City Mission,"Religious, Charitable & Non-profit",original
Melbourne Football Club Limited,"Media, Entertainment & Creative",inferred
Melbourne Health,"Healthcare, Medical & Pharmaceutical",original
MELBOURNE SCHOOL OF THEOLOGY,Education - Schools & Training,original
Melbourne Symphony Orchestra Pty Ltd,"Media, Entertainment & Creative",inferred
MELBOURNE WATER CORPORATION,Government & Public Sector,inferred
Melton Specialist School,Education - Schools & Training,original
MELTON WEST PRIMARY SCHOOL,Education - Schools & Training,original
Meltwater Australia Pty Limited,Information Technology & Software,inferred
Memjet North Ryde Pty Limited,Manufacturing & Industrial,inferred
MENARD OCEANIA PTY LTD,Engineering & Construction,inferred
Mercedes Benz Australia Pacific Pty Ltd,Automotive,original
MERCER (AUSTRALIA) PTY LTD,"Consulting, Accounting & Professional Services",inferred
MERCK HEALTHCARE PTY LTD,"Healthcare, Medical & Pharmaceutical",original
MERCK SHARP & DOHME (AUSTRALIA) PTY LTD,"Healthcare, Medical & Pharmaceutical",original
MERCY AGED AND COMMUNITY CARE LTD,"Aged Care, Disability & Social Services",original
Mercy Hospitals Victoria Ltd,"Healthcare, Medical & Pharmaceutical",inferred
Meriden School,Education - Schools & Training,original
Merredin Farms Pty Ltd,"Agriculture, Food & Beverage",original
Merriang Special Developmental School,Education - Schools & Training,original
MERRILL LYNCH MARKETS (AUSTRALIA) PTY. LIMITED.,Banking & Financial Services,inferred
MESSAGE-40 PTY LTD,Unknown / To Check,unresolved
META PM PTY LTD,"Consulting, Accounting & Professional Services",inferred
METCASH TRADING LIMITED,Consumer Goods & Retail,inferred
METKA EGN AUSTRALIA PTY LTD,Engineering & Construction,inferred
METLIFE INSURANCE LIMITED,Insurance,original
Metro Trains Melbourne Pty Ltd,Transport & Logistics,inferred
Metrowest Electrical & Communications Pty Ltd,Telecommunications,original
METT PTY LTD,Unknown / To Check,unresolved
MGC SOLUTIONS PTY LTD,Unknown / To Check,unresolved
MGM BULK PTY LTD,Transport & Logistics,inferred
MGW Engineering Pty Ltd,Engineering & Construction,original
MHN DESIGN UNION PTY LIMITED,Architecture & Design,inferred
MICHAEL CASSEL GROUP PTY LTD,"Media, Entertainment & Creative",inferred
MICHAEL HILL JEWELLER (AUSTRALIA) PTY LTD,Consumer Goods & Retail,inferred
MICHAEL PAGE INTERNATIONAL (AUSTRALIA) PTY. LIMITED,"Recruitment, HR & Labour Hire",inferred
MICHELIN AUSTRALIA PTY LTD,Automotive,inferred
MICK MURRAY WELDING (N.T.) PTY LTD,Manufacturing & Industrial,inferred
Mickleham Secondary College,Education - Schools & Training,original
MICRO FOCUS AUSTRALIA PTY LTD,Information Technology & Software,inferred
Micromine Pty Ltd,Information Technology & Software,inferred
Microsoft Pty Ltd,Information Technology & Software,original
MICROSTRATEGY PTY LTD,Information Technology & Software,inferred
MID NORTH COAST LOCAL HEALTH DISTRICT,"Healthcare, Medical & Pharmaceutical",original
MIELE AUSTRALIA PTY. LIMITED,Consumer Goods & Retail,inferred
MIGHTYHIVE AU PTY LTD,Marketing & Advertising,inferred
Mildura Base Public Hospital,"Healthcare, Medical & Pharmaceutical",original
Millell Pty Ltd,Unknown / To Check,unresolved
Mills Oakley Lawyers,Legal Services,original
MIME-CAST AUSTRALIA PTY LTD,Information Technology & Software,inferred
MINARA RESOURCES PTY LTD,"Mining, Resources & Energy",original
MINERAL RESOURCES LIMITED,"Mining, Resources & Energy",original
Minetek Pty Ltd,Manufacturing & Industrial,inferred
Mingara Recreation Club Ltd,"Hospitality, Travel & Tourism",inferred
Mining One Pty Ltd,"Mining, Resources & Energy",original
Mining Plus Pty Ltd,"Mining, Resources & Energy",original
MINISTRY OF HEALTH,"Healthcare, Medical & Pharmaceutical",original
MINJAR GOLD PTY LTD,"Mining, Resources & Energy",original
MINOR HOTELS AUSTRALASIA LIMITED,"Hospitality, Travel & Tourism",original
MINPROVISE INTERNATIONAL PTY LTD,"Mining, Resources & Energy",inferred
MINTER ELLISON SERVICES PTY LIMITED,Legal Services,inferred
MINTERELLISON,Legal Services,inferred
MIP (AUST) Pty Ltd,Unknown / To Check,unresolved
MIQ DIGITAL AUSTRALIA PTY LTD,Information Technology & Software,original
MIQ HEALTH PTY LIMITED,"Healthcare, Medical & Pharmaceutical",original
MIRI_JS AUSTRALIA PTY LTD,Unknown / To Check,unresolved
MIRVAC PROJECTS PTY LTD,Real Estate & Property,inferred
MITSUBISHI AUSTRALIA LIMITED,"Mining, Resources & Energy",inferred
Mitsubishi Development Pty Ltd,Real Estate & Property,original
Mitsubishi Electric Australia Pty Ltd,Manufacturing & Industrial,inferred
MITSUBISHI ESTATE ASIA PTE. LTD.,Real Estate & Property,inferred
"Mitsubishi Heavy Industries Air Conditioners Australia, Pty. Ltd.",Manufacturing & Industrial,original
MITSUBISHI MOTORS AUSTRALIA LIMITED,Automotive,original
MITSUI AND CO AUSTRALIA LTD,"Mining, Resources & Energy",inferred
MITSUI FUDOSAN AUSTRALIA PTY. LTD,Real Estate & Property,inferred
"Mitsui Sumitomo Insurance Co., Ltd.",Insurance,original
Mizco Pty Ltd,Unknown / To Check,unresolved
"Mizuho Bank, Ltd",Banking & Financial Services,original
MLC Limited,Insurance,inferred
MLG Oz Limited,"Mining, Resources & Energy",inferred
MMD Australia Pty Ltd,Manufacturing & Industrial,inferred
MMG Australia Limited,"Mining, Resources & Energy",inferred
MOBIS PARTS AUSTRALIA PTY LTD,Automotive,inferred
MODEC MANAGEMENT SERVICES PTE LTD,"Mining, Resources & Energy",inferred
Moderna Australia Pty Ltd,"Healthcare, Medical & Pharmaceutical",inferred
MOGAS INDUSTRIES PTY. LTD.,Manufacturing & Industrial,original
MOL SHIPPING (AUSTRALIA) PTY LTD,Transport & Logistics,original
Molloy Electrical Contracting Pty Ltd,Engineering & Construction,original
MONADELPHOUS GROUP LIMITED,Engineering & Construction,inferred
MONASH HEALTH,"Healthcare, Medical & Pharmaceutical",original
MONASH SPECIAL DEVELOPMENTAL SCHOOL,Education - Schools & Training,original
Monash University,Education - Universities & Higher Ed,original
Monde Nissin (Australia) Pty Ltd,"Agriculture, Food & Beverage",inferred
Mondelez Australia Pty Ltd,"Agriculture, Food & Beverage",original
MONDIALE VGL PTY LTD,Transport & Logistics,inferred
MONEYME FINANCIAL GROUP PTY LTD,Banking & Financial Services,original
MongoDB Australia Pty Ltd,Information Technology & Software,inferred
MONTELUSA PTY LTD,Unknown / To Check,unresolved
Montserrat DH Pty Ltd,"Healthcare, Medical & Pharmaceutical",inferred
MOO MOO (BRISBANE) PTY LTD ATF MOO MOO (BRISBANE) UNIT TRUST,"Hospitality, Travel & Tourism",inferred
Moody's Analytics Australia Pty Ltd,Information Technology & Software,original
MOORE AUSTRALIA (VIC) PTY LTD.,"Consulting, Accounting & Professional Services",inferred
MOOSE SERVICES PTY LTD,Consumer Goods & Retail,inferred
MOQdigital Pty Ltd,Information Technology & Software,inferred
MORANBAH COMMUNITY WORKERS CLUB INC,"Hospitality, Travel & Tourism",inferred
MORDIALLOC COLLEGE,Education - Schools & Training,original
MORGAN PASTORAL PTY LTD,"Agriculture, Food & Beverage",original
Morgan Stanley Australia Ltd,Banking & Financial Services,original
Moriah War Memorial College Association,Education - Schools & Training,original
Morningstar Australasia Pty Ltd,Banking & Financial Services,inferred
Morrow Sodali Pty Limited,"Consulting, Accounting & Professional Services",inferred
MOSSFIEL PRIMARY SCHOOL,Education - Schools & Training,original
MOTORCYCLE HOLDINGS -rco PTY LTD,Automotive,inferred
Motorola Solutions Australia Pty Limited,Telecommunications,inferred
Mott MacDonald Australia Pty Ltd,Engineering & Construction,original
MOUNT ISA CITY COUNCIL,Government & Public Sector,original
Mount Isa Mines Limited,"Mining, Resources & Energy",inferred
Mount Ridley P-12 College,Education - Schools & Training,original
MOUNT WAVERLEY SECONDARY COLLEGE,Education - Schools & Training,original
Moxey Farms Pty Limited,"Agriculture, Food & Beverage",original
MT BAW BAW ALPINE RESORT,"Hospitality, Travel & Tourism",original
MTR Corporation (Sydney) SMCSW Pty Ltd,Transport & Logistics,inferred
MUD'S INSPECTION AND WELDING SERVICES PTY LTD,Manufacturing & Industrial,inferred
MUDBATH & CO PTY. LTD.,Information Technology & Software,inferred
MUFG Bank Ltd,Banking & Financial Services,original
Multi-Color (QId) Pty Ltd,Manufacturing & Industrial,inferred
Multiplex Australasia Pty Ltd,Engineering & Construction,inferred
MULTIQUIP PTY LTD,Manufacturing & Industrial,inferred
Multivac Australia Pty ltd,Manufacturing & Industrial,inferred
MULWARRA EXPORT PTY LTD,"Agriculture, Food & Beverage",inferred
MUNICH HOLDINGS OF AUSTRALASIA PTY LTD,Insurance,inferred
MUNICIPAL ASSOCIATION OF VICTORIA,Government & Public Sector,original
Murdoch Children's Research Institute,"Healthcare, Medical & Pharmaceutical",inferred
Murdoch University,Education - Universities & Higher Ed,original
MUREX AUSTRALIA PTY LTD,Information Technology & Software,inferred
MURRIJMBIDGEE LOCAL HEALTH DISTRICT,"Healthcare, Medical & Pharmaceutical",original
Murto Pty Ltd,Unknown / To Check,unresolved
Murweh Shire Council,Government & Public Sector,original
MUSTARD CREATIVE MEDIA PTY LTD,Marketing & Advertising,inferred
Muy bien PTY Ltd,Unknown / To Check,unresolved
MW-ISM Holdings,Unknown / To Check,unresolved
MyBudget Pty Ltd,Banking & Financial Services,inferred
MYER PTY LTD,Consumer Goods & Retail,inferred
MyHealth Management Pty Ltd,"Healthcare, Medical & Pharmaceutical",inferred
MYOB AUSTRALIA PTY LTD,Information Technology & Software,original
N G P Investments (No 1) Pty Ltd,Banking & Financial Services,original
N G P MELBOURNE PTY LTD,Unknown / To Check,unresolved
N.A. Kratzmann & Sons Pty Ltd,Unknown / To Check,unresolved
N.AAckroyd & Others,Unknown / To Check,unresolved
N.B BATROUNEY & R.F WILCOX,Unknown / To Check,unresolved
N.H.P. ELECTRICAL ENGINEERING PRODUCTS PROPRIETARY LIMITED,Engineering & Construction,original
NACAP Pty Ltd,Engineering & Construction,inferred
Nandos Australia Pty Ltd,"Hospitality, Travel & Tourism",inferred
Nanosonics Limited,"Healthcare, Medical & Pharmaceutical",original
NAPIER & BLAKELEY PTY LTD,Real Estate & Property,inferred
Nasdaq Pty Ltd,Banking & Financial Services,inferred
Natalie Marie Jewellery Pty Ltd,Consumer Goods & Retail,inferred
National Hearing Centres Pty Ltd,"Healthcare, Medical & Pharmaceutical",inferred
NATIONAL HEART FOUNDATION OF AUSTRALIA,"Religious, Charitable & Non-profit",original
National Institute of Dramatic Art,Education - Universities & Higher Ed,inferred
NATIONAL MEDIA PTY LTD,"Media, Entertainment & Creative",inferred
NATIONAL OFFSHORE PETROLEUM SAFETY AND ENVIRONMENTAL MANAGEMENT AUTHORITY,"Mining, Resources & Energy",original
Natixis Australia Pty Limited,Banking & Financial Services,inferred
NAVANTIA AUSTRALIA PTY LTD,Defence & Aerospace,inferred
NAVITAS PTY LIMITED,Education - Universities & Higher Ed,inferred
NBN Co Limited,Telecommunications,inferred
NCC Group Pty Ltd,Information Technology & Software,inferred
NCI-PURE PTY LTD,Unknown / To Check,unresolved
NCN HEALTH,"Healthcare, Medical & Pharmaceutical",original
NCR Australia Pty Limited,Information Technology & Software,inferred
NCSI (AUSTRALIA) PTY LIMITED,"Consulting, Accounting & Professional Services",inferred
NDEVR PTY LTD,"Consulting, Accounting & Professional Services",inferred
NE-ARMAP AUSTRALIA PTY LTD,Information Technology & Software,inferred
NE-s GLOBAL PTY LIMITED,"Recruitment, HR & Labour Hire",inferred
NE-XIA PERTH PTY LTD,"Consulting, Accounting & Professional Services",inferred
NE-XIA SYDNEY GROUP PTY LTD,"Consulting, Accounting & Professional Services",inferred
NEC Australia Pty Ltd,Information Technology & Software,inferred
Neoen Australia Pty Ltd,"Mining, Resources & Energy",inferred
NEP AUSTRALIA PTY LTD,"Media, Entertainment & Creative",inferred
Nepean Blue Mountains Local Health District,"Healthcare, Medical & Pharmaceutical",original
Nestle Australia Ltd,"Agriculture, Food & Beverage",original
Netregistry Pty Ltd,Information Technology & Software,inferred
Nettleton Tribe (Partnership) Pty Ltd,Architecture & Design,inferred
netwealth Group Services Pty Ltd,Banking & Financial Services,inferred
Network Rail Consulting Pty Ltd,Information Technology & Software,original
Neuro-Rehab At Home Pty Ltd,"Healthcare, Medical & Pharmaceutical",inferred
NEW FORESTS ASSET MANAGEMENT PTY LIMITED,Banking & Financial Services,original
NEW RELIC AUSTRALIA PTY LTD,Information Technology & Software,inferred
NEW SOUTH WALES SUGAR MILLING CO -OP LTD,"Agriculture, Food & Beverage",original
NEWCOLD MELBOURNE PTY LTD,Transport & Logistics,inferred
Newcrest Mining Limited,"Mining, Resources & Energy",original
NEWMONT AUSTRALIA PTY LTD,"Mining, Resources & Energy",inferred
Newpol Construction Pty Ltd,Engineering & Construction,original
News Pty Limited,"Media, Entertainment & Creative",inferred
NEXON ASIA PACIFIC PTY LTD,Information Technology & Software,inferred
NEXT GENERATION CLUBS AUSTRALIA PTY LTD,Banking & Financial Services,original
NGAANYATJARRA PITJANTJATJARA YANKUNYTJATJARA WOMEN'S COUNCIL (ABORIGINAL CORPORATION),Government & Public Sector,original
Nganboo Borron School,Education - Schools & Training,original
NGK Stanger Pty Limited,"Consulting, Accounting & Professional Services",inferred
NH FOODS AUSTRALIA PTY LTD,"Agriculture, Food & Beverage",original
NIB HEALTH FUNDS LTD,Insurance,original
NICCO JOINERY PTY LTD,Manufacturing & Industrial,inferred
NICHOLAS TURNER PTY LTD,Unknown / To Check,unresolved
NICHOLL HOLDINGS PTY LTD,Unknown / To Check,unresolved
NIDDRIE AUTISTIC SCHOOL,Education - Schools & Training,original
Nielsen Connect Australia Pty Ltd,Marketing & Advertising,inferred
NIKE AUSTRALIA PTY LTD,Consumer Goods & Retail,inferred
NINTENDO AUSTRALIA PTY LTD,"Media, Entertainment & Creative",inferred
Nintex Pty Ltd,Information Technology & Software,inferred
NIPPON EXPRESS (AUSTRALIA) PTY LTD,Transport & Logistics,inferred
NIPPON STEEL AUSTRALIA PTY.LIMITED,Engineering & Construction,original
Nissan Motor Co. (Australia) Pty. Ltd.,Automotive,original
NMG FINANCIAL SERVICES CONSULTING PTY LTD,Banking & Financial Services,original
No Limitts (Pty) Ltd,Unknown / To Check,unresolved
NO PROBLEMS JUST SOLUTIONS PTY LTD,Unknown / To Check,unresolved
NOAKES GROUP PTY LIMITED,Manufacturing & Industrial,inferred
NOBLE CONTRACTING Il GMBH,Engineering & Construction,original
NobleOak Life Limited,Insurance,inferred
NOJA POWER SWITCHGEAR PTY LTD,"Mining, Resources & Energy",original
Nokia Solution and Networks Australia Pty Ltd,Automotive,original
Nolan Meats Pty. Ltd.,"Agriculture, Food & Beverage",inferred
NOMA CONSULTING PTY LTD,"Consulting, Accounting & Professional Services",original
Nomura Australia Ltd,Banking & Financial Services,inferred
Norinchukin Australia Pty Ltd,Banking & Financial Services,inferred
Norman Disney & Young,"Media, Entertainment & Creative",original
Norris Enterprises Pty Ltd,Unknown / To Check,unresolved
NORTH METROPOLITAN HEALTH SERVICE,"Healthcare, Medical & Pharmaceutical",original
NORTHCOTE HIGH SCHOOL,Education - Schools & Training,original
NORTHEAST HEALTH WANGARATTA,"Healthcare, Medical & Pharmaceutical",original
Northern Adelaide Local Health Network Inc,"Healthcare, Medical & Pharmaceutical",original
NORTHERN HEALTH,"Healthcare, Medical & Pharmaceutical",original
NORTHERN HERD DEVELOPMENT CO-OPERATIVE LTD,Real Estate & Property,original
Northern Land Council,Government & Public Sector,original
Northern NSW Local Health District,"Healthcare, Medical & Pharmaceutical",original
Northern School for Autism,Education - Schools & Training,original
Northern Star Resources Ltd,"Mining, Resources & Energy",original
Northern Sydney Local Health District,"Healthcare, Medical & Pharmaceutical",original
Northern Territory Major Events Company Pty Ltd,Government & Public Sector,inferred
NORTHERN TERRITORY OF AUSTRALIA,Government & Public Sector,inferred
NORTHPARKES MINING SERVICES Pty ltd,"Mining, Resources & Energy",original
NORTHROP GRUMMAN AUSTRALIA PTY LTD,Defence & Aerospace,inferred
Northside Montessori Society,Education - Schools & Training,original
Northtrack Machinery Pty Ltd,Manufacturing & Industrial,original
Norton Gold Fields Pty Ltd,"Mining, Resources & Energy",original
NORTON ROSE FULBRIGHT AUSTRALIA SERVICES PTY LTD,Legal Services,inferred
NOSSAL INSTITUTE LIMITED,Education - Universities & Higher Ed,inferred
Note Printing Australia Limited,Government & Public Sector,inferred
NOUMI LIMITED,"Agriculture, Food & Beverage",inferred
NOV AUSTRALIA PTY LTD,"Mining, Resources & Energy",inferred
Nova Professional Services Pty Ltd,"Consulting, Accounting & Professional Services",original
Novartis Pharmaceuticals Australia Pty Ltd,"Healthcare, Medical & Pharmaceutical",original
Novatech Creative Event Technology Pty Ltd,"Media, Entertainment & Creative",inferred
Novo Nordisk Pharmaceuticals Pty Ltd,"Healthcare, Medical & Pharmaceutical",inferred
Novotech (Australia) Pty Ltd,"Healthcare, Medical & Pharmaceutical",inferred
NOVOZYMES AUSTRALIA PTY LTD,Manufacturing & Industrial,inferred
NQCranes PTY LTD,Manufacturing & Industrial,inferred
NRI AUSTRALIA HOLDINGS PTY LTD,Information Technology & Software,inferred
NRI AUSTRALIA LIMITED,Information Technology & Software,inferred
NRW CONTRACTING PTY LTD,Engineering & Construction,original
NRW Holdings Limited,"Mining, Resources & Energy",inferred
NSW BUSINESS CHAMBER LIMITED,"Religious, Charitable & Non-profit",inferred
NSW Electricity Networks Operations Pty Limited,"Mining, Resources & Energy",original
NSW HEALTH PATHOLOGY,"Healthcare, Medical & Pharmaceutical",original
NSW INSTITUTE OF SPORT,Government & Public Sector,inferred
NSW Pty Ltd,Unknown / To Check,unresolved
NSW RURAL FIRE SERVICE,Government & Public Sector,inferred
NSW SERVICE FOR THE TREATMENT AND REHABILITATION OF TORTURE AND TRAUMA SURVIVORS (STARITS),"Healthcare, Medical & Pharmaceutical",inferred
NT Christian Schools,Education - Schools & Training,original
NTT AUSTRALIA DIGITAL PTY LTD,Information Technology & Software,original
NTT Australia Pty Ltd,Information Technology & Software,inferred
NTT DATA BUSINESS SOLUTIONS AUSTRALIA PTY LTD,Information Technology & Software,original
NTT UD Australia Pty Limited,Real Estate & Property,inferred
Nude By Nature Pty Ltd,Consumer Goods & Retail,inferred
NUFARM AUSTRALIA LIMITED,"Agriculture, Food & Beverage",inferred
NUPRESS TOOLS PTY LTD,Manufacturing & Industrial,inferred
Nutanix Pty Ltd,Information Technology & Software,inferred
Nutricia Australia Pty Limited,"Agriculture, Food & Beverage",inferred
NuVasive (Aust/NZ) Pty Ltd,"Healthcare, Medical & Pharmaceutical",inferred
NXT BUILDING GROUP PTY LTD,Engineering & Construction,original
Nyrstar Port Pirie Pty Ltd,Transport & Logistics,original
O.S ALCORN & OTHERS,Unknown / To Check,unresolved
Oberix Group Pty Ltd,Information Technology & Software,inferred
OBJECTIVE CORPORATION LIMITED,Information Technology & Software,inferred
OC CONNECTIONS LIMITED,"Aged Care, Disability & Social Services",inferred
OCEANAGOLD MANAGEMENT PTY LIMITED,"Mining, Resources & Energy",inferred
Oceaneering Australia Pty Limited,"Mining, Resources & Energy",inferred
OCHRE HEALTH PTY LTD,"Healthcare, Medical & Pharmaceutical",original
Oculus Landscape Architecture Urban Design Environmental Planning Pty Ltd,Architecture & Design,original
OEMX Diesel PTY LTD,Automotive,inferred
"OFFICE FOR RECREATION, SPORT AND RACING",Government & Public Sector,inferred
OFFICE OF THE AUDITOR GENERAL,Automotive,original
Officer Specialist School,Education - Schools & Training,original
OH Injury and Occupational Health Pty Ltd,"Healthcare, Medical & Pharmaceutical",original
OJI FIBRE SOLUTIONS (AUS) PTY LTD,Manufacturing & Industrial,inferred
OKTA AUSTRALIA PTY LIMITED,Information Technology & Software,inferred
Olam Orchards Australia Pty Ltd,"Agriculture, Food & Beverage",inferred
OLEX AUSTRALIA PTY LIMITED,Manufacturing & Industrial,inferred
Olympus Australia Pty Ltd,"Healthcare, Medical & Pharmaceutical",inferred
OMC ELECTRONICS PTY LTD.,Manufacturing & Industrial,inferred
OMEO DISTRICT HOSPITAL,"Healthcare, Medical & Pharmaceutical",original
OMERS INFRASTRUCTURE AUSTRALIA PTY LIMITED,Engineering & Construction,original
OMICRON ELECTRONICS AUSTRALIA PTY LTD,Manufacturing & Industrial,inferred
OMNI' PTY LTD,Unknown / To Check,unresolved
Omnicom Media Group Australia Pty Ltd,Marketing & Advertising,original
Omron Electronics Pty Ltd,Manufacturing & Industrial,inferred
Omya Australia Pty Ltd,Manufacturing & Industrial,inferred
ON CALL STAFFING SOLUTIONS PTY LTD,"Recruitment, HR & Labour Hire",original
ON Q RECRUITMENT PTY LTD,"Recruitment, HR & Labour Hire",original
ONE DIVERSIFIED (AUST) PTY LTD,Information Technology & Software,inferred
Oneflare Pty Ltd,Information Technology & Software,inferred
Oneview Healthcare Pty Ltd,"Healthcare, Medical & Pharmaceutical",original
Online Media Holdings Pty Ltd,"Media, Entertainment & Creative",inferred
ONLY ABOUT CHILDREN PTY LTD,Education - Schools & Training,inferred
Onsite Rental Group Operations Pty Ltd,Engineering & Construction,inferred
OOH!MEDIA OPERATIONS PTY LIMITED,Marketing & Advertising,inferred
OPEN DOOR PUB CO. PTY LIMITED,"Hospitality, Travel & Tourism",inferred
Optimal Stormwater Pty.Ltd,Engineering & Construction,inferred
OPTIMIZELY PTY LTD,Information Technology & Software,original
OPTIVER PTY. LIMITED,Banking & Financial Services,inferred
Optus Administration Pty Ltd,Telecommunications,inferred
ORA BANDA MINING LTD,"Mining, Resources & Energy",original
ORACLE CORPORATION AUSTRALIA PTY LIMITED,Information Technology & Software,original
ORACLE FINANCIAL SERVICES SOFTWARE PTE. LTD,Information Technology & Software,original
ORBOST REGIONAL HEALTH,"Healthcare, Medical & Pharmaceutical",original
Orchard Grove Primary School,Education - Schools & Training,original
Orchard Marketing Pty Ltd,Marketing & Advertising,original
ORICA AUTRALIA PTY LTD,Manufacturing & Industrial,inferred
Origin Energy Limited,"Mining, Resources & Energy",original
Ormond College,Education - Schools & Training,original
ORTHOPAEDIC APPLIANCES PTY LTD,"Healthcare, Medical & Pharmaceutical",inferred
OSAKA GAS AUSTRALIA PTY LTD,"Mining, Resources & Energy",original
Osborn Consulting Engineers Pty Ltd,Engineering & Construction,original
OSCARS HOTELS PTY LTD,"Hospitality, Travel & Tourism",original
OSMOFLO WATER MANAGEMENT PTY LTD,Engineering & Construction,inferred
OSMOSE AUSTRALIA PTY LTD,Engineering & Construction,inferred
OSSUR AUSTRALIA PTY LIMITED,"Healthcare, Medical & Pharmaceutical",inferred
OTIS ELEVATOR COMPANY PTY LTD,Manufacturing & Industrial,inferred
OTTO BOCK AUSTRALIA PTY LTD,"Healthcare, Medical & Pharmaceutical",inferred
OXFORD AVIATION ACADEMY (AUSTRALIA) PTY LTD,Automotive,original
Ozcare,"Aged Care, Disability & Social Services",inferred
OZFOREX LIMITED,Banking & Financial Services,inferred
P.V AATHREYA & OTHERS,Unknown / To Check,unresolved
PACCAR Australia Pty Ltd,Automotive,inferred
PACE FARM PTY LIMITED - MINCHINBURY,"Agriculture, Food & Beverage",original
PACIFIC BLUE RESOURCING,"Recruitment, HR & Labour Hire",inferred
Pacific Crown Helicopters Pty Ltd,Aviation & Aerospace,inferred
Pacific Equity Partners Pty Limited,Banking & Financial Services,original
Pacific Life Re (Australia) Pty Ltd,Insurance,inferred
Pacific Smiles Group Limited,"Healthcare, Medical & Pharmaceutical",inferred
PACKER LEATHER PTY LTD,Manufacturing & Industrial,inferred
Pakenham Secondary College,Education - Schools & Training,original
PALACE CINEMAS PTY LTD,"Media, Entertainment & Creative",inferred
Palantir Australia Pty Ltd,Information Technology & Software,original
Palantir Technologies Australia Pty Ltd,Information Technology & Software,original
Palaris Australia Pty Limited,"Mining, Resources & Energy",inferred
Pallion HR Pty Ltd,Consumer Goods & Retail,inferred
PAN MACMILLAN AUSTRALIA PTY LTD,"Media, Entertainment & Creative",inferred
PANASONIC AUSTRALIA PTY LIMITED,Consumer Goods & Retail,inferred
PanAust Services Pty Ltd,"Mining, Resources & Energy",inferred
Paper Australia Pty Ltd,Manufacturing & Industrial,inferred
PaperCut Software Pty Ltd,Information Technology & Software,original
PARAGON CARE LIMITED,"Healthcare, Medical & Pharmaceutical",inferred
Pardoo Beef Corporation Pty Ltd,"Agriculture, Food & Beverage",inferred
PARE-XEL INTERNATIONAL PTY LTD,"Healthcare, Medical & Pharmaceutical",inferred
PARED LTD,Education - Schools & Training,inferred
PARTNERS IN PERFORMANCE SERVICES PTY LTD,"Consulting, Accounting & Professional Services",inferred
Partners Wealth Group Pty Ltd,Banking & Financial Services,original
PathWest Laboratory Medicine WA,"Healthcare, Medical & Pharmaceutical",original
PATTERSON CHENEY PTY LTD,Automotive,inferred
PATTIES FOODS PTY LTD,"Agriculture, Food & Beverage",original
PAWS AUSTRALIA PTY LIMITED,Unknown / To Check,unresolved
PayPal Australia Pty Limited,Banking & Financial Services,original
PCL CONSTRUCTORS PACIFIC RIM PTY LTD,Engineering & Construction,inferred
PEABODY ENERGY AUSTRALIA PTY LTD,"Mining, Resources & Energy",original
PEARSON AUSTRALIA GROUP PTY LTD,Education - Schools & Training,inferred
PEDDLE THORP & WALKER PTY. LIMITED,Architecture & Design,inferred
Peddle Thorp Group Pty Ltd,Architecture & Design,inferred
Peel Mining Limited,"Mining, Resources & Energy",original
Pegasystems Pty Ltd,Information Technology & Software,inferred
Peikko Australia Pty Ltd,Manufacturing & Industrial,inferred
Pembroke School Incorporated,Education - Schools & Training,original
PEN CS PTY LTD,Information Technology & Software,inferred
PENINSULA HEALTH,"Healthcare, Medical & Pharmaceutical",original
PENLEIGH AND ESSENDON GRAMMAR SCHOOL,Education - Schools & Training,original
PENSKE AUSTRALIA PTY LTD,Automotive,inferred
Peopleconnexion Recruitment Pty Ltd,"Recruitment, HR & Labour Hire",original
PEOPLESCOUT PTY LTD,"Recruitment, HR & Labour Hire",inferred
Pepper Money Limited,Banking & Financial Services,inferred
PERENTI LIMITED,"Mining, Resources & Energy",inferred
Perfect Contracting Pty Ltd,Engineering & Construction,original
PERFUSION SERVICES PTY. LIMITED,"Healthcare, Medical & Pharmaceutical",inferred
PERI Australia Pty Limited,Engineering & Construction,inferred
PERIGON GROUP PTY LIMITED,"Recruitment, HR & Labour Hire",inferred
Perilya Broken Hill Limited,"Mining, Resources & Energy",inferred
Pernod Ricard Winemakers Pty Ltd,"Agriculture, Food & Beverage",inferred
Perpetual Limited,Banking & Financial Services,inferred
PERTH AIRPORT PTY LTD,Aviation & Aerospace,original
PERTH GP PTY LTD,"Healthcare, Medical & Pharmaceutical",original
PerthRadClinic Ltd,"Healthcare, Medical & Pharmaceutical",inferred
Peter MacCallum Cancer Institute,"Healthcare, Medical & Pharmaceutical",inferred
PETER ROWLAND GROUP PTY LTD,"Hospitality, Travel & Tourism",inferred
Peter Warren Automotive Pty Ltd,Automotive,inferred
PetroChina International (Australia) Pty Ltd,"Mining, Resources & Energy",inferred
PETROCHINA INTERNATIONAL INVESTMENT (AUSTRALIA) PTY LTD,Banking & Financial Services,original
PETRONAS AUSTRALIA PTY LIMITED,"Mining, Resources & Energy",inferred
PetStock Pty Ltd,Consumer Goods & Retail,inferred
PETUNA AQUACULTURE PTY LTD,"Agriculture, Food & Beverage",inferred
PFIZER AUSTRALIA PTY LTD,"Healthcare, Medical & Pharmaceutical",original
PG DXTRA (AUSTRALIA) PTY LTD,Marketing & Advertising,inferred
PGIM (Australia) Pty Ltd,Banking & Financial Services,inferred
PHARMACEUTICAL RESEARCH ASSOCIATES PTY LIMITED,"Healthcare, Medical & Pharmaceutical",inferred
Pharmacor Pty Limited,"Healthcare, Medical & Pharmaceutical",inferred
PHILIP MORRIS LIMITED,Consumer Goods & Retail,inferred
Philips Electronics Australia Limited,"Healthcare, Medical & Pharmaceutical",inferred
Phocas Pty Ltd,Information Technology & Software,inferred
PHOSPHATE RESOURCES LIMITED,"Mining, Resources & Energy",original
Physio Inq Pty Ltd,"Healthcare, Medical & Pharmaceutical",original
PHYSIOCHOICE PTY LTD,"Healthcare, Medical & Pharmaceutical",inferred
PIACENTINI & SON PTY LTD,"Mining, Resources & Energy",inferred
PIALLIGO ESTATE OPERATIONS PTY LTD,"Hospitality, Travel & Tourism",inferred
PICKERING CORPORATION PTY LTD,Unknown / To Check,unresolved
Pilbara Ports Authority,Government & Public Sector,original
Pimco Australia Pty Limited,Banking & Financial Services,inferred
PINAROO ROMA INC,"Aged Care, Disability & Social Services",inferred
PIRELLI TYRES AUSTRALIA PTY LTD,Automotive,inferred
PITCHER PARTNERS ADVISORS PROPRIETARY LIMITED,"Consulting, Accounting & Professional Services",inferred
PITCHER PARTNERS PERTH PTY LTD,"Consulting, Accounting & Professional Services",inferred
PITT AND SHERRY (OPERATIONS) PTY LTD,Engineering & Construction,inferred
PKF MELBOURNE PTY LTD,"Consulting, Accounting & Professional Services",inferred
PKF(NS) Audit and Assurance Limited Partnership,Automotive,original
Planet Innovation Pty Ltd,Manufacturing & Industrial,inferred
Planit Test Management Solutions Pty Ltd,Information Technology & Software,inferred
PLASSER AUSTRALIA PTY LTD,Manufacturing & Industrial,inferred
PLAYSIDE STUDIOS LIMITED,"Media, Entertainment & Creative",original
PLENTI PTY LIMITED,Banking & Financial Services,inferred
PLUMME-RS INDUSTRIES PTY LTD,Manufacturing & Industrial,original
Pluralsight Australia,Education - Schools & Training,inferred
PM ELECTRIC PTY LTD,Engineering & Construction,inferred
PMDL Architecture & Design Pty Limited,Architecture & Design,original
POEM GROUP PTY LTD,Unknown / To Check,unresolved
Pointsbet Australia Pty Ltd,"Media, Entertainment & Creative",inferred
POLY (AUSTRALIA) REAL ESTATE DEVELOPMENT PTY LIMITED,Real Estate & Property,original
Porsche Cars Australia Pty Limited,Automotive,original
Port Melbourne Secondary College,Education - Schools & Training,original
Port of Brisbane Pty Ltd,Transport & Logistics,original
PORT OF MELBOURNE OPERATIONS PTY LTD,Transport & Logistics,original
PORT PHILLIP SPECIALIST SHCOOL,Transport & Logistics,original
PORTLAND DISTRICT HEALTH,"Healthcare, Medical & Pharmaceutical",original
POTENTIA ENERGY GROUP PTY LTD,"Mining, Resources & Energy",original
Power & Water Corporation,"Mining, Resources & Energy",original
PPD Australia Pty Limited,"Healthcare, Medical & Pharmaceutical",inferred
PR POWER PTY LTD,"Mining, Resources & Energy",original
Practice Ignition Pty Ltd,Information Technology & Software,inferred
PRADA AUSTRALIA PTY. LIMITED,Consumer Goods & Retail,inferred
PRAMAC GENE-RAC AUSTRALIA PTY LTD,Manufacturing & Industrial,inferred
PRATT & WHITNEY CANADA (A'ASIA) PTY. LTD.,Aviation & Aerospace,inferred
Preacta Pty Limited,Engineering & Construction,inferred
PRECISELY SOFTWARE PTY LTD,Information Technology & Software,original
PRECISION ADMINISTRATION SERVICES PTY LTD,Banking & Financial Services,inferred
PRECISION HYDROGRAPHIC SERVICES PTY LTD,Engineering & Construction,inferred
PRECISION LIGHT AND AIR PTY LTD,Engineering & Construction,inferred
Premier Contact Point Pty Ltd,Information Technology & Software,inferred
Prendiville Catholic College,Education - Schools & Training,original
Pressure Dynamic International Pty Ltd,Manufacturing & Industrial,inferred
Prestige Inhome Care Pty Ltd,"Aged Care, Disability & Social Services",inferred
Prestige Motors (Northshore) Pty Limited,Automotive,inferred
PRESTIGE TRUCK BODIES (AUST) PTY. LTD.,Automotive,inferred
Preston High School,Education - Schools & Training,original
Preston South Primary School,Education - Schools & Training,original
Prezzee Pty Limited,Information Technology & Software,inferred
PRICEWATERHOUSECOOPERS SERVICES PTY LTD,"Consulting, Accounting & Professional Services",original
Primary Flooring Pty Ltd,Engineering & Construction,inferred
Prime Creative Media Pty Ltd,"Media, Entertainment & Creative",inferred
PRIME-IOO PTY LTD,"Agriculture, Food & Beverage",inferred
Prince Newcastle Pty Ltd,Unknown / To Check,unresolved
Pro-Test Pty Ltd,Unknown / To Check,unresolved
Procore Technologies Pty Ltd,Information Technology & Software,original
Procter & Gamble Australia Pty. Limited,Consumer Goods & Retail,inferred
Professional Advantage Pty Ltd,Information Technology & Software,inferred
PROFESSIONAL GOLFERS ASSOCIATION OF AUSTRALIA LIMITED,"Media, Entertainment & Creative",inferred
PROGRAMMED SKILLED WORKFORCE LIMITED,"Recruitment, HR & Labour Hire",original
PROJECT COORDINATION AUSTRALIA PTY LTD,Engineering & Construction,inferred
Project Management Partners Pty Limited,"Consulting, Accounting & Professional Services",inferred
PROJECT MATCH AUSTRALIA PTY. LTD.,Unknown / To Check,unresolved
Promena Projects Pty Ltd,Unknown / To Check,unresolved
Proofpoint Pty Ltd,Information Technology & Software,inferred
PROSPA ADVANCE PTY LTD,Banking & Financial Services,inferred
Prospection Pty Ltd,Information Technology & Software,inferred
PROTEN PTY LIMITED,"Agriculture, Food & Beverage",inferred
PROTIVITI PTY LIMITED,"Consulting, Accounting & Professional Services",inferred
PRP DIAGNOSTIC IMAGING PTY LIMITED,"Healthcare, Medical & Pharmaceutical",original
PRUDENTIAL INVESTMENT COMPANY OF AUSTRALIA PTY LTD,Banking & Financial Services,original
Prysmian Australia Pty Ltd,Manufacturing & Industrial,inferred
PSC INSURANCE GROUP LIMITED,Insurance,original
PSI CRO AUSTRALIA PTY LTD,"Healthcare, Medical & Pharmaceutical",inferred
PT AUGUSTA SECONDARY SCHOOL,Education - Schools & Training,original
PT Garuda Indonesia,Aviation & Aerospace,inferred
PUBLIC TRANSPORT AUTHORITY OF WESTERN AUSTRALIA,Transport & Logistics,original
PUBLICIS COMMUNICATIONS AUSTRALIA PTY LTD,Telecommunications,original
PUBLICIS MEDIA AUSTRALIA PTY LTD,Marketing & Advertising,inferred
PUBLICIS SAPIENT AUSTRALIA PTY LTD,Marketing & Advertising,inferred
Puma Australia PTY Ltd,Consumer Goods & Retail,inferred
Purcell's Engineering Pty Ltd,Engineering & Construction,original
PURE-PROFILE AUSTRALIA PTY LIMITED,Marketing & Advertising,inferred
PUTTAPPA PTY LTD,Unknown / To Check,unresolved
Pybar Mining Services Pty Ltd,"Mining, Resources & Energy",original
PZ Cussons Australia Pty Ltd,Consumer Goods & Retail,original
Q-CTRL Pty Ltd,Information Technology & Software,inferred
Qantas Airways Limited,Aviation & Aerospace,original
QATAR AIRWAYS GROUP (Q.C.S.C.),Aviation & Aerospace,original
QBE INSURANCE GROUP LIMITED,Insurance,original
QINETIQ PTY LTD,Defence & Aerospace,inferred
QLIKTECH AUSTRALIA PTY LTD,Information Technology & Software,inferred
Qscan Services Pty Ltd,"Healthcare, Medical & Pharmaceutical",inferred
Qteq Pty Ltd,"Mining, Resources & Energy",inferred
QUALITY HEALTH CARE PTY LTD,"Healthcare, Medical & Pharmaceutical",original
Quality Plumbing & Building Contractors Pty Ltd,Engineering & Construction,original
QUANTEXA PTY LTD,Information Technology & Software,inferred
QUANTUM INFORMATION TECHNOLOGY PTY LTD,Information Technology & Software,original
QUBE HOLDINGS LIMITED,Transport & Logistics,inferred
Qubist Pty Ltd,Unknown / To Check,unresolved
Queensland Aged Physiotherapy Pty Ltd,"Healthcare, Medical & Pharmaceutical",inferred
QUEENSLAND ALUMINA LIMITED,"Mining, Resources & Energy",inferred
Queensland Competition Authority,Government & Public Sector,original
QUEENSLAND ELECTRICITY TRANSMISSION CORPORATION LIMITED,"Mining, Resources & Energy",original
Queensland Hydro Pty Ltd,"Mining, Resources & Energy",original
Queensland Investment Corporation,Banking & Financial Services,original
Queensland Lions Football Club Limited,"Media, Entertainment & Creative",inferred
QUEENSLAND PROGRAM OF ASSISTANCE FOR SURVIVORS OF TORTURE & TRAUMA ASSN INC,"Religious, Charitable & Non-profit",inferred
Queensland Racing Integrity Commission,Government & Public Sector,original
QUEENSLAND RAIL LTD,Transport & Logistics,original
Queensland Tertiary Admissions Centre,Education - Universities & Higher Ed,inferred
Queensland University of Technology,Education - Universities & Higher Ed,original
QUEENSLAND VENUE CO. PTY LTD,"Hospitality, Travel & Tourism",inferred
QUEENWOOD SCHOOL FOR GIRLS LTD,Education - Schools & Training,original
Quintis Sandalwood Pty Ltd,"Agriculture, Food & Beverage",inferred
QVSG PTY LTD,Unknown / To Check,unresolved
Qwilr Pty Ltd,Information Technology & Software,inferred
R & S PAGE PRACTICE TRUST & Others,Unknown / To Check,unresolved
R KELLY & OTHERS,Unknown / To Check,unresolved
R.M. WILLIAMS PROPRIETARY LIMITED,Consumer Goods & Retail,inferred
R/GA Media Group Pty Ltd,Marketing & Advertising,original
RACE DENTAL PTY LTD,"Healthcare, Medical & Pharmaceutical",original
Rackspace Hosting Australia Pty Ltd,Information Technology & Software,inferred
RACQ OPERATIONS PTY LTD,Insurance,inferred
RADIO CANBERRA PTY. LTD.,"Media, Entertainment & Creative",inferred
Rail Control Systems Australia,Information Technology & Software,original
RAKUTEN MARKETING AUSTRALIA PTY LTD,Marketing & Advertising,original
Ralph Lauren Australia Pty Ltd,Consumer Goods & Retail,inferred
Ramboll Australia Pty Ltd,Engineering & Construction,inferred
Ramelius Resources Limited,"Mining, Resources & Energy",original
RAMSAY HEALTH CARE AUSTRALIA PTY LIMITED,"Healthcare, Medical & Pharmaceutical",original
RANDSTAD PTY LIMITED,"Recruitment, HR & Labour Hire",inferred
RANGEDALE DRAINAGE SERVICES PTY LTD,Engineering & Construction,inferred
RANGER EXPLORATION DRILLING PTY LTD,"Mining, Resources & Energy",original
RATCH-Australia Corporation Limited,"Mining, Resources & Energy",inferred
RAY'S MACHINERY PAINTING PTY. LTD.,Manufacturing & Industrial,original
RayGen Resources Pty Ltd,"Mining, Resources & Energy",original
Raytheon Australia Pty Ltd,Defence & Aerospace,inferred
RB (Hygiene Home) Australia Pty Ltd,Consumer Goods & Retail,inferred
RDO EQUIPMENT PTY LTD,Manufacturing & Industrial,original
READY RESOURCES PTY LTD,"Mining, Resources & Energy",original
REALESTATE.COM.AU PTY LIMITED,Real Estate & Property,inferred
Reason Group Pty Ltd,"Consulting, Accounting & Professional Services",inferred
RECKITT BENCKISER (AUSTRALIA) PTY LTD,Consumer Goods & Retail,inferred
Reckon Limited,Information Technology & Software,inferred
RECOVERIES CORPORATION PTY LTD,Banking & Financial Services,inferred
Red Analytics Pty Ltd,Information Technology & Software,original
Red Bull Australia Pty Ltd,"Agriculture, Food & Beverage",inferred
RED ENGINE STRATEGY CONTENT CREATIVE PTY LTD,Marketing & Advertising,inferred
Red Hat Asia-Pacific Pty Ltd,Information Technology & Software,inferred
REDOX LIMITED,Manufacturing & Industrial,inferred
REDPATH AUSTRALIA PTY LIMITED,"Mining, Resources & Energy",inferred
REED INTERNATIONAL BOOKS AUSTRALIA PTY LTD,"Media, Entertainment & Creative",inferred
REF-INITIV AUSTRALIA PTY LIMITED,Banking & Financial Services,inferred
REGENT MOTORS PTY LTD,Automotive,original
REGIONAL EXPRESS HOLDINGS LIMITED,Aviation & Aerospace,inferred
REGIONAL POWER CORPORATION,"Mining, Resources & Energy",original
Regis Aged Care Pty Ltd,"Aged Care, Disability & Social Services",original
REHAB MANAGEMENT (AUST) PTY LTD,"Healthcare, Medical & Pharmaceutical",inferred
Rehabilitation Services Pty Ltd,"Healthcare, Medical & Pharmaceutical",inferred
Reliance HR Solutions Pty Ltd,"Recruitment, HR & Labour Hire",inferred
REMA TIPTOP ASIA PACIFIC PTY LTD,Manufacturing & Industrial,inferred
Remondis Australia Pty Ltd,Manufacturing & Industrial,inferred
Rentokil Initial Pty Ltd,Engineering & Construction,inferred
RES AUSTRALIA PTY LTD,"Mining, Resources & Energy",inferred
Reserve Bank of Australia,Banking & Financial Services,original
RESMED PTY LTD,"Healthcare, Medical & Pharmaceutical",original
Resource Services Group X Pty Ltd,"Mining, Resources & Energy",inferred
Resources Safety and Health Queensland - Employing Office,"Healthcare, Medical & Pharmaceutical",original
Respect Group Limited,"Aged Care, Disability & Social Services",inferred
Retail Employees Superannuation Pty Limited,Banking & Financial Services,original
REWARD GATEWAY PTY LIMITED,Information Technology & Software,inferred
REX GORELL FAMILY GROUP PTY LTD,Automotive,inferred
Rex Software Pty Ltd,Information Technology & Software,original
REXEL ELECTRICAL SUPPLIES PTY LTD,Manufacturing & Industrial,inferred
REZDY PTY LIMITED,Information Technology & Software,inferred
RGA AUSTRALIAN HOLDINGS PTY LIMITED,Insurance,inferred
RHEEM AUSTRALIA PTY LTD,Manufacturing & Industrial,inferred
Rheinmetall Defence Australia Pty Ltd,Defence & Aerospace,original
RHEINMETALL NIOA MUNITIONS PTY LTD,Defence & Aerospace,original
RHIPE AUSTRALIA PTY LTD,Information Technology & Software,inferred
RHOMBERG SERSA AUSTRALIA PTY LTD,Engineering & Construction,inferred
RICARDO RAIL AUSTRALIA PTY LTD,Transport & Logistics,original
RICE-GROWERS LIMITED,"Agriculture, Food & Beverage",inferred
Richards Rose Sydney Pty Ltd,Unknown / To Check,unresolved
Richemont Australia Pty Limited,Consumer Goods & Retail,inferred
Ricoh Australia Pty Ltd,Manufacturing & Industrial,inferred
Rider Levett Bucknall Victoria Pty Ltd,Engineering & Construction,inferred
Ridley AgriProducts Pty Ltd,"Agriculture, Food & Beverage",inferred
RIGHTSHIP PTY LTD,Transport & Logistics,inferred
RIMI<US AU PTY LTD,"Consulting, Accounting & Professional Services",inferred
RIO TINTO LIMITED,"Mining, Resources & Energy",original
RIOT GAMES PTY LTD,"Media, Entertainment & Creative",original
RISEN ENERGY (AUSTRALIA) PTY LTD,"Mining, Resources & Energy",original
Riverbend Employment Services Pty Ltd,"Recruitment, HR & Labour Hire",original
Riverina Oils and Bioenergy Pty Ltd,"Agriculture, Food & Beverage",inferred
Riviera Australia Pty Ltd,Manufacturing & Industrial,inferred
RIZING SOLUTIONS PTY LTD,Information Technology & Software,inferred
RLA POLYMERS PTY LTD,Manufacturing & Industrial,inferred
RLDATIX AUSTRALIA PTY LTD,Information Technology & Software,inferred
Rli Pty Ltd,Unknown / To Check,unresolved
RMD INDUSTRIES PTY LTD,Manufacturing & Industrial,original
RMEM ENGINEERING PTY LTD,Engineering & Construction,original
RMIT UNIVERSITY,Education - Universities & Higher Ed,original
RMP WEST GOSFORD PTY LTD,Automotive,original
Road Trains of Australia Pty Ltd,Transport & Logistics,inferred
Roar Fitness 247 Pty Ltd,"Hospitality, Travel & Tourism",inferred
Robert Bird Group Pty Ltd,Engineering & Construction,inferred
ROBERT BOSCH (AUSTRALIA) PROPRIETARY LIMITED,Manufacturing & Industrial,inferred
ROBERT HALF AUSTRALIA PTY LIMITED,"Recruitment, HR & Labour Hire",inferred
ROBERT WALTERS PTY LTD,"Recruitment, HR & Labour Hire",inferred
Robertson & Co (Gladstone) Pty Ltd,Unknown / To Check,unresolved
Robinson Road Enterprises Pty Ltd,Unknown / To Check,unresolved
Robinvale College,Education - Schools & Training,original
Robinvale District Health Service,"Healthcare, Medical & Pharmaceutical",original
Robson Civil Projects Pty Limited,Engineering & Construction,original
Roche Diagnostics Australia Pty Ltd,"Healthcare, Medical & Pharmaceutical",original
Roche Products Pty Ltd,"Healthcare, Medical & Pharmaceutical",original
ROCHESTER & ELMORE DISTRICT HEALTH SERVICE,"Healthcare, Medical & Pharmaceutical",original
Rockwell Automation Australia Ltd,Manufacturing & Industrial,inferred
ROHANNA PTY LTD,Unknown / To Check,unresolved
Rohlig Australia Pty Ltd,Transport & Logistics,inferred
ROKT Pty Ltd,Marketing & Advertising,inferred
ROLEX AUSTRALIA PTY LTD,Consumer Goods & Retail,inferred
Rome2rio Pty Ltd,"Hospitality, Travel & Tourism",inferred
Romeo's Best Vineyards PTY LTD,"Agriculture, Food & Beverage",inferred
ROSEWOOD DOWNS PRIMARY SCHOOL,Education - Schools & Training,original
ROTEQ AUSTRALIA PTY LTD,Unknown / To Check,unresolved
Rothe Lowman Property Pty Limited,Real Estate & Property,original
ROTOR STUDIOS PTY LTD ATF THE ROTOR STUDIOS UNIT TRUST,"Media, Entertainment & Creative",original
Rowville Secondary College,Education - Schools & Training,original
ROXBURGH HOMESTEAD PRIMARY SCHOOL,Education - Schools & Training,original
Roy Hill Holdings Pty Ltd,"Mining, Resources & Energy",inferred
ROYAL AUTOMOBILE CLUB OF VICTORIA (RACV) LIMITED,Insurance,inferred
Royal Bank of Canada,Banking & Financial Services,original
Royal Botanic Gardens Board Victoria,Government & Public Sector,inferred
ROYAL FLYING DOCTOR SERVICE OF AUSTRALIA (SOUTH EASTERN SECTION),"Healthcare, Medical & Pharmaceutical",inferred
ROYAL FLYING DOCTOR SERVICE OF AUSTRALIA (WESTERN OPERATIONS),"Healthcare, Medical & Pharmaceutical",inferred
ROYAL FREEMASONS' BENEVOLENT INSTITUTION,"Aged Care, Disability & Social Services",inferred
ROYAL VICTORIAN EYE & EAR HOSPITAL,"Healthcare, Medical & Pharmaceutical",original
RoZetta Institute,Information Technology & Software,inferred
RP Data Pty Ltd,Information Technology & Software,original
RP INFRASTRUCTURE PTY LTD,Engineering & Construction,original
RSL CARE RDNS LIMITED,"Aged Care, Disability & Social Services",inferred
RSL LIFECARE LIMITED,"Aged Care, Disability & Social Services",inferred
RSM AUSTRALIA PTY LTD,"Consulting, Accounting & Professional Services",inferred
RUGBY AUSTRALIA LTD,"Media, Entertainment & Creative",inferred
Rural and Regional Therapy Services Pty Ltd,"Healthcare, Medical & Pharmaceutical",inferred
RURAL DOCTORS WORKFORCE AGENCY INCORPORATED,"Recruitment, HR & Labour Hire",original
RURAL NORTHWEST HEALTH,"Healthcare, Medical & Pharmaceutical",original
RURAL PRESS PTY LTD,"Media, Entertainment & Creative",inferred
RUSSELL INVESTMENT GROUP PTY LTD,Banking & Financial Services,original
RUSSLEIGH PTY. LIMITED,Unknown / To Check,unresolved
Ruth Consolidated Industries Pty Ltd,Manufacturing & Industrial,original
RUTHERGLEN HIGH SCHOOL,Education - Schools & Training,original
RW & JJ Pty Ltd,Unknown / To Check,unresolved
RWE Renewables Australia Pty Ltd,"Mining, Resources & Energy",inferred
RX AUSTRALIA PTY LTD,"Media, Entertainment & Creative",inferred
Ryval Media Pty Ltd,"Media, Entertainment & Creative",inferred
S & S WEBSTER INVESTMENTS PROPRIETARY LIMITED,Banking & Financial Services,original
S AJITKUMAR & OTHERS,Unknown / To Check,unresolved
S&P Global Australia Pty Ltd,Banking & Financial Services,inferred
s.L. FRAZER ENTERPRISES PTY LTD,Unknown / To Check,unresolved
S.M.A. MOTORS PTY. LIMITED,Automotive,inferred
S.W.I.F.T. SERVICES AUSTRALIA PTY LIMITED,Banking & Financial Services,original
Saab Australia Pty Ltd,Defence & Aerospace,inferred
SAFE PLACES COMMUNITY SERVICES LIMITED,"Religious, Charitable & Non-profit",original
SAFE-TYCULTURE PTY LTD,Information Technology & Software,inferred
SAINT DOMINIC'S COMPANY PTY LTD,Unknown / To Check,unresolved
"SAIPEM (PORTUGAL) COMERCIO MARITIMO, SOCIEDADE UNIPESSOAL, LDA.",Engineering & Construction,inferred
Saipem Australia Pty Ltd,Engineering & Construction,inferred
Saizeriya Australia Pty Ltd,"Hospitality, Travel & Tourism",inferred
Sale College,Education - Schools & Training,original
SALESIAN COLLEGE CHADSTONE,Education - Schools & Training,original
Saltwater P-9 College,Education - Schools & Training,original
SAMI BITUMEN TECHNOLOGIES PTY LTD,Information Technology & Software,original
SAMSUNG  CORPORATION,Consumer Goods & Retail,inferred
Samsung Electronics Australia Pty Ltd,Information Technology & Software,original
SAMSUNG SDS GLOBAL SCL AUSTRALIA PTY LTD,Transport & Logistics,inferred
San Remo Macaroni Company Pty Ltd,"Agriculture, Food & Beverage",inferred
SANDERSON EASTERN SUBURBS PTY LTD,Unknown / To Check,unresolved
SANDOZ PTY LTD,"Healthcare, Medical & Pharmaceutical",inferred
Sandringham College,Education - Schools & Training,original
SANDVIK MINING AND CONSTRUCTION AUSTRALIA PTY LTD,"Mining, Resources & Energy",original
Sanofi-Aventis Australia Pty Ltd,"Healthcare, Medical & Pharmaceutical",original
SANTOS LIMITED,"Mining, Resources & Energy",original
SAP Australia Pty Ltd,Information Technology & Software,original
Sapture International Pty Ltd,Unknown / To Check,unresolved
Saputo Dairy Australia Pty Ltd,"Agriculture, Food & Beverage",original
SAS INSTITUTE AUSTRALIA PTY LTD,Information Technology & Software,original
Satake Australia Pty Ltd,Manufacturing & Industrial,inferred
Sato Vicinity Pty. Ltd.,Manufacturing & Industrial,inferred
Sauce Consulting Pty Ltd,"Consulting, Accounting & Professional Services",original
Savage Software Group Pty Ltd,Information Technology & Software,original
SBL Solutions Services Pty Ltd,Unknown / To Check,unresolved
SC SERVICES PTY LTD,Unknown / To Check,unresolved
SCANIA AUSTRALIA PTY LTD,Automotive,inferred
SCECGS REDLANDS LIMITED,Education - Schools & Training,inferred
SCENTRE PTY LIMITED,Real Estate & Property,inferred
Schaefer Systems International Pty Ltd,Information Technology & Software,original
SCHENKER AUSTRALIA PTY LTD,Transport & Logistics,inferred
Schindler Lifts Australia Pty. Ltd.,Manufacturing & Industrial,inferred
Schlam Engineering Pty Ltd,Engineering & Construction,original
SCHLUMBERGER AUSTRALIA PTY LTD,"Mining, Resources & Energy",original
SCHNEIDER ELECTRIC (AUSTRALIA) PTY LIMITED,Manufacturing & Industrial,inferred
SCHOTT MINIFAB PTY LTD,Manufacturing & Industrial,inferred
Schreder Australia Pty Ltd,Manufacturing & Industrial,inferred
SCHRODER INVESTMENT MANAGEMENT AUSTRALIA LIMITED,Banking & Financial Services,original
Schur Star Systems Australia Pty Ltd,Information Technology & Software,original
Schweitzer Engineering Laboratories Pty Ltd,Engineering & Construction,original
SCONE EQUINE HOSPITAL PTY LTD,"Healthcare, Medical & Pharmaceutical",original
Scotch College,Education - Schools & Training,original
SDN CHILDREN'S SERVICES,Education - Schools & Training,inferred
SDP SOLUTIONS PTY LTD,Unknown / To Check,unresolved
SEA(SDL) PTY LTD,Unknown / To Check,unresolved
Seam Surveys Pty Ltd,Engineering & Construction,inferred
SEC Newgate Pty Limited,Marketing & Advertising,inferred
SECOM AUSTRALIA PTY LTD,Engineering & Construction,inferred
Secret Gardens of Sydney Pty Ltd,Architecture & Design,inferred
Secure Code Warrior Pty Ltd,Information Technology & Software,inferred
SECURE PARKING PTY LTD,Real Estate & Property,inferred
SEDCO FOREX INTERNATIONAL LIMITED,"Mining, Resources & Energy",inferred
SEDGWICK AUSTRALIA PTY LIMITED,Insurance,inferred
Seeing Machines Limited,Information Technology & Software,inferred
SEEK Limited,"Recruitment, HR & Labour Hire",inferred
SEKISUI HOUSE CONSTRUCTION (AUSTRALIA) PTY LIMITED,Engineering & Construction,original
selectability Ltd.,"Aged Care, Disability & Social Services",inferred
SENSIENT TECHNOLOGIES AUSTRALIA PTY LTD,Information Technology & Software,original
Serco Australia Pty Limited,Government & Public Sector,inferred
Serendipity (WA) Pty Ltd,Unknown / To Check,unresolved
Serenitas Management Pty Ltd,Real Estate & Property,inferred
SERVCO AUSTRALIA CHATSWOOD PTY LTD ATF SERVCO,Automotive,inferred
SERVCO AUSTRALIA PTY LTD,Automotive,inferred
ServiceNow Australia Pty Ltd,Information Technology & Software,original
Seven Consulting Pty Ltd,"Consulting, Accounting & Professional Services",original
Seven Network (Operations) Limited,Information Technology & Software,original
Seventh-day Adventist Church (Australian Union Conference) Limited,"Religious, Charitable & Non-profit",original
SEVENTH-DAY ADVENTIST CHURCH (GREATER SYDNEY CONFERENCE) LIMITED,"Religious, Charitable & Non-profit",original
SEVENTH-DAY ADVENTIST CHURCH (SPD) LIMITED,"Religious, Charitable & Non-profit",original
SEVENTH-DAY ADVENTIST CHURCH (VICTORIAN CONFERENCE) LIMITED,"Religious, Charitable & Non-profit",original
SEVENTH-DAY ADVENTIST SCHOOLS (VICTORIA) LIMITED,Education - Schools & Training,original
SEW-EURODRIVE PTY LTD,Manufacturing & Industrial,inferred
SEYMOUR COLLEGE,Education - Schools & Training,original
SEYMOUR WHYTE CONSTRUCTIONS PTY LTD,Engineering & Construction,inferred
SFDC Australia Pty Ltd,Information Technology & Software,inferred
SGS AUSTRALIA PTY LTD,"Consulting, Accounting & Professional Services",inferred
SGSP (AUSTRALIA) ASSETS PTY LTD,"Mining, Resources & Energy",inferred
Shangri-La Hotel (Cairns) Pty Ltd,"Hospitality, Travel & Tourism",original
SHAPE AUSTRALIA PTY LIMITED,Engineering & Construction,inferred
Shell Australia Pty Ltd,"Mining, Resources & Energy",original
Shell Energy Operations Pty Ltd,"Mining, Resources & Energy",original
SHINE LAWYERS PTY LTD,Legal Services,original
SHINE SOLUTIONS GROUP PTY LTD,Information Technology & Software,inferred
Shippit Pty Ltd,Information Technology & Software,inferred
Shoalhaven City Council,Government & Public Sector,original
Shopify (Australia) Pty Ltd,Information Technology & Software,inferred
SICE PTY LTD,Engineering & Construction,inferred
Siemens Energy Pty Ltd,"Mining, Resources & Energy",original
SIEMENS GAME-SA RENEWABLE ENERGY PTY LTD,"Mining, Resources & Energy",original
SIEMENS HEALTHCARE PTY LTD,"Healthcare, Medical & Pharmaceutical",original
SIEMENS LTD,Manufacturing & Industrial,inferred
SIEMENS MOBILITY PTY LTD,Transport & Logistics,inferred
SIG COMBIBLOC AUSTRALIA PTY LTD,Manufacturing & Industrial,inferred
SIGNATURE ORTHOPAEDICS PTY LTD,"Healthcare, Medical & Pharmaceutical",inferred
SIGNIFY AUSTRALIA LIMITED,Manufacturing & Industrial,inferred
SILVER LAKE RESOURCES LIMITED,"Mining, Resources & Energy",original
Silverlink Infotech Pty Ltd,Information Technology & Software,inferred
SimCorp Asia Pty. Limited,Information Technology & Software,inferred
SIME DARBY MOTORS GROUP (AUSTRALIA) PTY LIMITED,Automotive,inferred
Simon-Kucher & Partners Strategy & Marketing Consultants Pty Ltd,"Consulting, Accounting & Professional Services",original
SIMPLI_JS AUSTRALIA PTY LTD,Information Technology & Software,inferred
Simplot Australia Pty. Limited,"Agriculture, Food & Beverage",inferred
Simply Sports Cars Pty Ltd,Automotive,inferred
Sims Metal Services Pty Limited,Manufacturing & Industrial,inferred
Sinapse Pty Ltd,Unknown / To Check,unresolved
SINGAPORE AIRLINES LIMITED,Aviation & Aerospace,original
SINOPEC OIL AND GAS AUSTRALIA PTY LIMITED,"Mining, Resources & Energy",original
Sir Moses Montefiore Jewish Home,"Aged Care, Disability & Social Services",inferred
Sirius College,Education - Schools & Training,original
SIRIUS PEOPLE PTY LTD,"Recruitment, HR & Labour Hire",inferred
SiteMinder Limited,Information Technology & Software,inferred
SJB Architecture Pty Ltd,Architecture & Design,original
Skedulo Pty Ltd,Information Technology & Software,inferred
SKF Australia Pty Ltd,Manufacturing & Industrial,inferred
SKG Radiology Pty Ltd,"Healthcare, Medical & Pharmaceutical",inferred
Skidata Australasia Pty Ltd,Manufacturing & Industrial,inferred
Skilled Medical Pty Ltd,"Healthcare, Medical & Pharmaceutical",original
SKIN & CANCER FOUNDATION AUSTRALIA,"Religious, Charitable & Non-profit",original
SKINCARE-STORE AUSTRALIA PTY LTD.,Consumer Goods & Retail,original
Skippers Aviation Pty Ltd,Aviation & Aerospace,original
Sky5 Pty Ltd,Unknown / To Check,unresolved
Skyaus Infrastructure Pty Ltd,Engineering & Construction,original
SKYKRAFT PTY LTD,Aviation & Aerospace,inferred
SKYTRANS PTY LTD,Aviation & Aerospace,inferred
Slalom Australia Pty Ltd,"Consulting, Accounting & Professional Services",inferred
Sling & Stone Pty Ltd,Marketing & Advertising,inferred
SLR Consulting Australia Pty Ltd,"Consulting, Accounting & Professional Services",original
SMA AUSTRALIA PTY LTD,Manufacturing & Industrial,inferred
SMAART PTY. LTD.,Unknown / To Check,unresolved
SMALL ANIMAL SPECIALIST HOSPITAL PTY LIMITED,"Healthcare, Medical & Pharmaceutical",original
SMEC SERVICES PTY. LIMITED,Engineering & Construction,inferred
SMITH & NEPHEW PTY LIMITED,"Healthcare, Medical & Pharmaceutical",inferred
SMRM Holdings Pty Ltd,Unknown / To Check,unresolved
Snackbrands Australia Pty Ltd,"Agriculture, Food & Beverage",inferred
SNAPCHAT PTY LTD,Information Technology & Software,inferred
SNOW BRAND AUSTRALIA PTY LTD,"Agriculture, Food & Beverage",inferred
Snowflake Computing Pty Ltd,Information Technology & Software,original
SNOWY HYDRO LIMITED,"Mining, Resources & Energy",original
SNPHN Ltd,"Healthcare, Medical & Pharmaceutical",inferred
SOCIETE GENE-RALE,Banking & Financial Services,inferred
SODEXO AUSTRALIA PTY LIMITED,"Hospitality, Travel & Tourism",inferred
SOFRACO ENGINEERING SYSTEMS PTY. LIMITED,Engineering & Construction,original
SOFTWARE AG AUSTRALIA PTY LTD,Information Technology & Software,original
Software of Excellence Australia Limited,Information Technology & Software,original
SoftwareONE Australia Pty Limited,Information Technology & Software,inferred
Soilmec Australia Pty Limited,Manufacturing & Industrial,inferred
SOJITZ AUSTRALIA LIMITED,"Mining, Resources & Energy",inferred
SOLA NOW PTY LTD,"Mining, Resources & Energy",inferred
Solstad Australia Pty Ltd,"Mining, Resources & Energy",inferred
SOMERVILLE ELECTRIC PTY LIMITED,Engineering & Construction,inferred
Sonder Australia Pty Ltd,"Aged Care, Disability & Social Services",inferred
SONIC CLINICAL SERVICES PTY LTD,"Healthcare, Medical & Pharmaceutical",original
SONOVA AUDIOLOGICAL CARE AUSTRALIA PTY LTD,Automotive,original
Sony Australia Limited,"Media, Entertainment & Creative",original
SONY MUSIC ENTERTAINMENT AUSTRALIA PTY LTD,"Media, Entertainment & Creative",original
Sony Pictures Television Pty Ltd,"Media, Entertainment & Creative",original
SOURCED GROUP PTY LIMITED,Information Technology & Software,inferred
SOUTH AUSTRALIAN HEALTH AND MEDICAL RESEARCH INSTITUTE LIMITED,"Healthcare, Medical & Pharmaceutical",original
South Australian Water Corporation,Government & Public Sector,inferred
SOUTH CENTRAL TRUCKS PTY LTD,Automotive,inferred
South Eastern Sydney Local Health District,"Healthcare, Medical & Pharmaceutical",original
South Melbourne Primary School,Education - Schools & Training,original
SOUTH METROPOLITAN HEALTH SERVICE,"Healthcare, Medical & Pharmaceutical",original
South Metropolitan Youth Link Inc,"Aged Care, Disability & Social Services",inferred
South Sydney District Rugby League Football Club limited,"Media, Entertainment & Creative",inferred
SOUTH WEST HEALTHCARE,"Healthcare, Medical & Pharmaceutical",original
South West Rocks Public School,Education - Schools & Training,original
South Western Sydney Local Health District,"Healthcare, Medical & Pharmaceutical",original
SOUTH32 GROUP OPERATIONS PTY LTD,"Mining, Resources & Energy",inferred
Southern Autistic School,Education - Schools & Training,original
Southern Cross Austereo Services Pty Ltd,"Media, Entertainment & Creative",inferred
SOUTHERN CROSS UNIVERSITY,Education - Universities & Higher Ed,original
SOUTHERN NSW LOCAL HEALTH DISTRICT,"Healthcare, Medical & Pharmaceutical",original
SOUTHERN PATHOLOGY SERVICES PTY LIMITED,"Healthcare, Medical & Pharmaceutical",inferred
SOUTHERN QUEENSLAND STEEL PTY LTD,Engineering & Construction,original
Southern Wire Pty Ltd,Manufacturing & Industrial,inferred
SOVEREIGN RESORT HOTEL PTY. LTD.,"Hospitality, Travel & Tourism",original
SPANDEX ASIA PACIFIC PTY LTD,Manufacturing & Industrial,inferred
Sparrow Group Management Pty Ltd,Unknown / To Check,unresolved
SPARROWS SERVICES AUSTRALIA PTY LTD,"Mining, Resources & Energy",inferred
Special Broadcasting Services Corporation,"Media, Entertainment & Creative",inferred
SPECIAL GROUP (MELBOURNE) PTY LTD,Marketing & Advertising,inferred
Special Group Australia Pty Limited,Marketing & Advertising,inferred
SPECIALIST HEIGHT ACCESS PTY LTD,Engineering & Construction,inferred
SPECIALITY SERVICES QLD PTY LTD,Unknown / To Check,unresolved
SPECSAVERS PTY. LTD.,"Healthcare, Medical & Pharmaceutical",inferred
SPECTRIS AUSTRALIA PTY. LIMITED,Manufacturing & Industrial,inferred
SPECTRUM BRANDS AUSTRALIA PTY LTD,Consumer Goods & Retail,original
SPIE GLOBAL SERVICES ENERGY PTY LTD,"Mining, Resources & Energy",original
Spiecapag Australia Pty Ltd,Engineering & Construction,inferred
Spin Master Australia Pty Ltd,"Media, Entertainment & Creative",original
Splunk Services Australia Pty Ltd,Information Technology & Software,inferred
Sports Entertainment Network Pty Ltd,Information Technology & Software,original
SPORTSBET PTY LTD,"Media, Entertainment & Creative",inferred
Spotify Australia Pty Ltd,"Media, Entertainment & Creative",inferred
Springside West Secondary College,Education - Schools & Training,original
SPRINGVALE PARK SPECIAL DEVELOPMENTAL SCHOOL,Education - Schools & Training,original
SPRINKLR AUSTRALIA PTY LTD,Information Technology & Software,original
SPRUSON & FERGUSON PTY LIMITED,Legal Services,inferred
SPS Commerce Australia Pty Ltd,Information Technology & Software,inferred
SQM Australia Pty Ltd,Unknown / To Check,unresolved
Square AU Pty Ltd,Banking & Financial Services,inferred
Squiz Australia Pty Ltd,Information Technology & Software,inferred
SRG GLOBAL (AUSTRALIA) LTD,Engineering & Construction,inferred
SRG GLOBAL ASSET CARE PTY LTD,Engineering & Construction,inferred
SRG GLOBAL INFRASTRUCTURE PTY LTD.,Engineering & Construction,original
SRG GLOBAL MINING (AUSTRALIA) PTY LTD,"Mining, Resources & Energy",original
Sri Bros Pty Ltd,Unknown / To Check,unresolved
SRK CONSULTING (AUSTRALASIA) PTY LTD,"Consulting, Accounting & Professional Services",original
SS&C Bluedoor Pty Limited,Information Technology & Software,inferred
SS&C Solutions Pty Ltd,Information Technology & Software,inferred
SSM INTERNATIONAL PTY LTD,Unknown / To Check,unresolved
SSP Asia Pacific Pty Ltd,"Hospitality, Travel & Tourism",inferred
ST ALBANS HEIGHTS PRIMARY SCHOOL,Education - Schools & Training,original
ST ANDREW'S HOSPITAL INC,"Healthcare, Medical & Pharmaceutical",original
St Barbara Limited,"Mining, Resources & Energy",inferred
St Clare's Catholic Primary School,Education - Schools & Training,original
ST GEORGES ROAD PRIMARY SCHOOL,Education - Schools & Training,original
ST JOHN AMBULANCE AUSTRALIA LTD,"Healthcare, Medical & Pharmaceutical",inferred
ST JOHN AMBULANCE AUSTRALIA NT INC,"Healthcare, Medical & Pharmaceutical",inferred
St John Ambulance Western Australia Ltd,"Healthcare, Medical & Pharmaceutical",inferred
ST JOHN OF GOD HEALTH CARE INC,"Healthcare, Medical & Pharmaceutical",original
ST KEVIN'S COLLEGE,Education - Schools & Training,original
ST LAWRENCE CATHOLIC PRIMARY SCHOOL,Education - Schools & Training,original
ST LEONARD'S COLLEGE,Education - Schools & Training,original
ST MICHAELS GOLF CLUB LTD,"Hospitality, Travel & Tourism",inferred
St Philip's College Alice Springs,Education - Schools & Training,original
ST VINCENT'S PRIVATE HOSPITAL LIMITED,"Healthcare, Medical & Pharmaceutical",original
St. Luke's Care,"Healthcare, Medical & Pharmaceutical",inferred
ST. VINCENT'S HOSPITAL (MELBOURNE) LIMITED,"Healthcare, Medical & Pharmaceutical",original
St. Vincent's Hospital Sydney Limited,"Healthcare, Medical & Pharmaceutical",original
Standard Chartered Bank,Banking & Financial Services,original
Standards Australia Limited,"Religious, Charitable & Non-profit",inferred
STANLEY BLACK & DECKER AUSTRALIA PTY LTD,Manufacturing & Industrial,inferred
Stantec Australia Pty Ltd,Engineering & Construction,inferred
Star Consolidated Holdings Pty Ltd,Unknown / To Check,unresolved
Star Electrical Co Pty Ltd,Engineering & Construction,inferred
Stareast International Pty Ltd,Unknown / To Check,unresolved
StarRez Global Pty Ltd,Information Technology & Software,inferred
STARREZ PTY LTD,Information Technology & Software,inferred
STATE LIBRARY OF VICTORIA,Government & Public Sector,inferred
STATE OF VICTORIA DEPT OF JUSTICE,Government & Public Sector,inferred
State Street Services Australia Pty Limited,Banking & Financial Services,inferred
Staughton College,Education - Schools & Training,original
STE-INERT AUSTRALIA Pty. Ltd.,Manufacturing & Industrial,inferred
STEADFAST GROUP LTD,Insurance,inferred
Steel-Line Garage Doors (WA) Pty Ltd,Engineering & Construction,original
STEFAN HAIR FASHIONS PTY. LTD.,Consumer Goods & Retail,inferred
STELLA MARIS CATHOLIC PRIMARY SCHOOL,Education - Schools & Training,original
STELLANTIS (AUSTRALIA AND NEW ZEALAND) PTY LTD,Automotive,inferred
Sterling and Wilson Solar Australia Pty Ltd,"Mining, Resources & Energy",original
STEULER ICH AUSTRALIA PTY LTD,Manufacturing & Industrial,inferred
Stockland Development Pty Ltd,Real Estate & Property,original
STRANDBAGS GROUP PTY LTD,Consumer Goods & Retail,inferred
STRATEGIC PROJECT PARTNERS PTY LTD,"Consulting, Accounting & Professional Services",inferred
STRATHMORE SECONDARY COLLEGE,Education - Schools & Training,original
Strathtulloh Primary School,Education - Schools & Training,original
Straw Veterinary Support Pty Ltd,"Healthcare, Medical & Pharmaceutical",original
Streamline Connect Pty Ltd,Unknown / To Check,unresolved
STRIPE PAYMENTS AUSTRALIA PTY LTD,Banking & Financial Services,original
STRYKER AUSTRALIA PTY LTD,"Healthcare, Medical & Pharmaceutical",original
STUART ALEXANDER & CO PTY LTD,"Agriculture, Food & Beverage",inferred
StudioSC Pty Ltd,Architecture & Design,inferred
SUBSEA 7 AUSTRALIA CONTRACTING PTY LTD,Banking & Financial Services,original
Suburban Rail Loop Authority,Transport & Logistics,original
SUEZ WATER PTY LTD,Engineering & Construction,inferred
SUGAR RESEARCH AUSTRALIA LIMITED,"Agriculture, Food & Beverage",original
SULLIVAN & CROMWELL (AUSTRALIA) LIP,Legal Services,inferred
SULZER AUSTRALIA PTY LTD,Manufacturing & Industrial,inferred
SUMITOMO AUSTRALIA PTY LTD,"Mining, Resources & Energy",inferred
SUMITOMO MITSUI BANKING CORPORATION,Banking & Financial Services,original
SUMITOMO RUBBER AUSTRALIA PTY LTD,Automotive,inferred
Summervale Enterprises Pty Ltd,Unknown / To Check,unresolved
SUMMIT AUTO LEASE AUSTRALIA PTY LTD,Banking & Financial Services,inferred
Sun Engineering (QId) Pty Ltd,Engineering & Construction,original
SUN METALS CORPORATION PTY LTD,"Mining, Resources & Energy",inferred
Sunco Motors Pty Ltd,Automotive,inferred
Suncorp Staff Pty Ltd,Insurance,original
SUNRAYSIA COMMUNITY HEALTH SERVICES LIMITED,"Healthcare, Medical & Pharmaceutical",original
Sunshades Eyewear Pty Limited,Consumer Goods & Retail,inferred
Sunshine College,Education - Schools & Training,original
Sunshine Harvester Primary School,Education - Schools & Training,original
Sunshine Primary School,Education - Schools & Training,original
SUNSHINE SPECIAL DEVELOPMENTAL SCHOOL,Education - Schools & Training,original
SUNTORY BEVERAGE & FOOD AUSTRALIA PTY LTD,"Agriculture, Food & Beverage",original
SUPAGAS PTY LIMITED,Manufacturing & Industrial,inferred
Super Retail Group Services Pty Ltd,Consumer Goods & Retail,original
SUPERCHARGE BATTERIES PTY LTD,Manufacturing & Industrial,inferred
Superior Energy Services (Australia) Pty Ltd,"Mining, Resources & Energy",original
SUREX SURVEYORS PTY. LTD.,Engineering & Construction,inferred
SUSQUEHANNA PACIFIC PTY LTD,Banking & Financial Services,inferred
SustainAbility Consulting Partners Pty Ltd,"Consulting, Accounting & Professional Services",original
Suzlon Energy Australia Pty Ltd,"Mining, Resources & Energy",original
Suzuki Australia Pty Limited,Automotive,inferred
SW Accountants & Advisors Pty Ltd,"Consulting, Accounting & Professional Services",inferred
SWAN CHRISTIAN EDUCATION ASSOCIATION INC,Education - Schools & Training,original
SWAN HILL BUS LINES PROPRIETARY LIMITED,Transport & Logistics,inferred
Swan Hill College,Education - Schools & Training,original
SWAN HILL DISTRICT HEALTH,"Healthcare, Medical & Pharmaceutical",original
Swan Hill Rural City Council,Government & Public Sector,original
Swifts Creek P-12 School,Education - Schools & Training,original
SWINBURNE UNIVERSITY OF TECHNOLOGY,Education - Universities & Higher Ed,original
Swiss Re Asia Pte. Ltd.,Insurance,original
Swisse Wellness Pty Ltd,"Healthcare, Medical & Pharmaceutical",inferred
SWISSLOG AUSTRALIA PTY. LIMITED,Manufacturing & Industrial,inferred
SWISSPORT AUSTRALIA PTY LTD,Aviation & Aerospace,inferred
Switch IT Pty Ltd,Information Technology & Software,inferred
SWS Australia Pty Ltd,Unknown / To Check,unresolved
SYDENHAM-HILLSIDE PRIMARY SCHOOL,Education - Schools & Training,original
Sydmel Pty Ltd,Unknown / To Check,unresolved
Sydney Airport Corporation Limited,Aviation & Aerospace,original
Sydney Attractions Group Limited,"Hospitality, Travel & Tourism",inferred
SYDNEY CHILDREN'S HOSPITALS FOUNDATION LIMITED,"Religious, Charitable & Non-profit",original
Sydney Institute of Marine Science,Education - Universities & Higher Ed,inferred
Sydney Local Health District,"Healthcare, Medical & Pharmaceutical",original
SYDNEY OPERA HOUSE TRUST,"Media, Entertainment & Creative",inferred
Sydney Symphony Orchestra Holdings Pty Ltd,"Media, Entertainment & Creative",inferred
SYDNEY WATER CORPORATION,Government & Public Sector,inferred
SYMAL INFRASTRUCTURE PTY LTD,Engineering & Construction,original
Synch Solutions Pty Ltd,Information Technology & Software,inferred
SYNECHRON AUSTRALIA PTY LTD.,Information Technology & Software,inferred
SYSTRA ANZ PTY LTD,Engineering & Construction,inferred
T. Eilbeck & Son Pty Ltd,Manufacturing & Industrial,inferred
T.W.G CORPORATE PTY LTD,Unknown / To Check,unresolved
Ta rneit Senior College,Education - Schools & Training,original
TABACO NOMINEES PTY LTD,Unknown / To Check,unresolved
TABCORP ASSETS PTY LTD,"Media, Entertainment & Creative",inferred
Tactix Group Pty Ltd,Unknown / To Check,unresolved
TADANO OCEANIA PTY LTD,Manufacturing & Industrial,inferred
TAG WORLDWIDE AUSTRALIA PTY LTD,Marketing & Advertising,inferred
Taipower Bengalla Pty Limited,"Mining, Resources & Energy",inferred
TAKRAF Australia Pty Ltd,Manufacturing & Industrial,inferred
TAL Dai-Ichi Life Australia Pty Ltd,Insurance,inferred
TALENT INTERNATIONAL (NSW) PTY LTD,"Recruitment, HR & Labour Hire",inferred
Talenza Pty Ltd,"Recruitment, HR & Labour Hire",inferred
Tango Oilfield Solutions Pty Ltd,"Mining, Resources & Energy",inferred
TANNER KIBBLE DENTON ARCHITECTS PTY LTD,Architecture & Design,inferred
Taree Christian Community School Ltd,Education - Schools & Training,original
TARHF 3 Pty Ltd,Unknown / To Check,unresolved
Tarneit P-9 College,Education - Schools & Training,original
TARNEIT RISE PRIMARY SCHOOL,Education - Schools & Training,original
Tasman Oil Tools Pty Ltd,"Mining, Resources & Energy",original
TASMANIAN AUDIT OFFICE,Automotive,original
Tasmanian Symphony Orchestra Pty Limited,"Media, Entertainment & Creative",inferred
Tassal Group Limited,"Agriculture, Food & Beverage",inferred
Taylor Construction Group Pty Ltd,Engineering & Construction,original
Taylors Hill Primary School,Education - Schools & Training,original
TBWA SYDNEY PTY LTD,Marketing & Advertising,inferred
TCL Australia Pty. Ltd,Consumer Goods & Retail,inferred
TEA TOO PTY. LTD.,Consumer Goods & Retail,inferred
Teach for Australia,Education - Schools & Training,inferred
TEAM GLOBAL EXPRESS PTY LTD,Transport & Logistics,inferred
TEC Operations Pty Ltd,Unknown / To Check,unresolved
Tecala ICT Pty Limited,Information Technology & Software,inferred
TECH DATA ADVANCED SOLUTIONS (ANZ) LIMITED,Information Technology & Software,original
Techforce Services Pty Ltd,Information Technology & Software,inferred
TECHNICAL AND FURTHER EDUCATION COMMISSION,Education - Schools & Training,original
TECHNIPFMC AUSTRALIA LTD,"Mining, Resources & Energy",inferred
Technology One Limited,Information Technology & Software,inferred
Techtronic Industries Australia Pty Limited,Manufacturing & Industrial,original
TEK-Ocean Energy Services Pty Ltd,"Mining, Resources & Energy",original
TELADOC HEALTH AUSTRALASIA PTY LTD,"Healthcare, Medical & Pharmaceutical",original
TELSTRA CORPORATION LIMITED,Telecommunications,inferred
TEMENOS AUSTRALIA SERVICES PTY LTD,Information Technology & Software,inferred
TEMORA DELL PTY LTD,Information Technology & Software,original
Tennis Australia Limited,"Media, Entertainment & Creative",inferred
Teradata Australia Pty Ltd,Information Technology & Software,inferred
TERANG AND MORTLAKE HEALTH SERVICE,"Healthcare, Medical & Pharmaceutical",original
TERRA FIRMA PTY LTD,Unknown / To Check,unresolved
TERRACE COURT PTY LTD,Unknown / To Check,unresolved
TERRAPINN AUSTRALIA PTY LIMITED,"Media, Entertainment & Creative",inferred
Terrex Pty Ltd,"Mining, Resources & Energy",inferred
TERUMO AUSTRALIA PTY LIMITED,"Healthcare, Medical & Pharmaceutical",inferred
"TESLA MOTORS AUSTRALIA, PTY LTD",Automotive,original
Tetra Pak Marketing Pty. Ltd.,Marketing & Advertising,original
Tetra Tech Coffey Pty Ltd,Engineering & Construction,inferred
Tetra Tech RPS Energy Pty Ltd,"Mining, Resources & Energy",original
Teva Pharmacuticals Australia,"Healthcare, Medical & Pharmaceutical",inferred
Textron Systems Australia Pty Ltd,Information Technology & Software,original
TEYS AUSTRALIA PTY LTD,"Agriculture, Food & Beverage",inferred
Thales Australia Limited,Defence & Aerospace,inferred
THE A2 MILK COMPANY (AUSTRALIA) PTY LTD,"Agriculture, Food & Beverage",inferred
The Audit Office of New South Wales,Automotive,original
The Australian Ballet,"Media, Entertainment & Creative",inferred
The Australian Council for Educational Research Limited,Government & Public Sector,original
THE AUSTRALIAN INSTITUTE OF MARINE SCIENCE,Government & Public Sector,inferred
The Baker Heart & Diabetes Institute,"Healthcare, Medical & Pharmaceutical",inferred
The Benevolent Society,"Aged Care, Disability & Social Services",inferred
THE BIONICS INSTITUTE OF AUSTRALIA,"Healthcare, Medical & Pharmaceutical",inferred
The Boston Consulting Group Pty Ltd,"Consulting, Accounting & Professional Services",original
THE BROWN & HURLEY GROUP PTY. LTD.,Automotive,inferred
THE CANCER COUNCIL NSW,Government & Public Sector,original
THE COMPANY WE KEEP PTY LTD,Marketing & Advertising,inferred
THE CONGREGATION OF RELIGIOUS SISTERS OF CHARITY OF AUSTRALIA,"Religious, Charitable & Non-profit",inferred
The corporation of the Roman Catholic Diocese of Toowoomba,"Religious, Charitable & Non-profit",original
THE COUNCIL OF CAMDEN,Government & Public Sector,original
THE COUNCIL OF ST ANDREW'S CATHEDRAL SCHOOL,Education - Schools & Training,original
The Council of the Queensland Institute of Medical Research,"Healthcare, Medical & Pharmaceutical",original
"The Department of Families, Fairness and Housing",Government & Public Sector,original
THE ESSINGTON SCHOOL DARWIN,Education - Schools & Training,original
THE FLORE-Y INSTITUTE OF NEUROSCIENCE AND MENTAL HEALTH,"Healthcare, Medical & Pharmaceutical",original
THE FRANK WHIDDON MASONIC HOMES OF NEW SOUTH WALES,"Aged Care, Disability & Social Services",inferred
THE FRED HOLLOWS FOUNDATION,"Religious, Charitable & Non-profit",original
THE GARVAN INSTITUTE OF MEDICAL RESEARCH,"Healthcare, Medical & Pharmaceutical",original
THE GEO GROUP AUSTRALIA PTY LIMITED,Government & Public Sector,inferred
The George Institute for Global Health,"Healthcare, Medical & Pharmaceutical",original
The Haus Group Co Pty Ltd,Unknown / To Check,unresolved
THE HEART RESEARCH INSTITUTE LTD,"Healthcare, Medical & Pharmaceutical",inferred
The Hollard Insurance Company Pty Ltd,Insurance,original
THE HOSPITALS CONTRIBUTION FUND OF AUSTRALIA LTD,Insurance,inferred
THE HOUSING CONNECTION,"Aged Care, Disability & Social Services",inferred
THE HOYTS CORPORATION PTY. LIMITED,"Media, Entertainment & Creative",inferred
"The Institution of Engineers, Australia",Engineering & Construction,original
THE JOY AGENCY PTY LTD,Marketing & Advertising,inferred
The Kids Research Institute Australia,"Healthcare, Medical & Pharmaceutical",inferred
The Lab Insight & Strategy Melbourne Pty Ltd,Marketing & Advertising,inferred
THE LIFE LIKE TOURING (AUSTRALIA) PTY LTD,"Media, Entertainment & Creative",inferred
The Lumery Pty Ltd,Marketing & Advertising,inferred
The Marlo Group Pty Ltd,Unknown / To Check,unresolved
The Missing Link Security Pty Ltd,Information Technology & Software,inferred
The Monkeys Pty Limited,Marketing & Advertising,inferred
THE NATURE CONSERVANCY LIMITED,"Religious, Charitable & Non-profit",inferred
THE NEW ROYALS PTY LTD,Unknown / To Check,unresolved
THE NIELSEN COMPANY (AUSTRALIA) PTY LTD,Marketing & Advertising,inferred
The Northern Trust Company,Banking & Financial Services,inferred
THE OUTDOOR EDUCATION GROUP,Education - Schools & Training,original
THE PARTNERSHIP OF ARNOLD BLOCH LEIBLER,Legal Services,inferred
THE QUANTIUM GROUP PTY LIMITED,Information Technology & Software,inferred
The Reject Shop Limited,Consumer Goods & Retail,inferred
THE RIVERSIDE COAL TRANSPORT COMPANY PTY LTD,"Mining, Resources & Energy",original
THE RIX GROUP PTY LTD,Unknown / To Check,unresolved
THE ROMAN CATHOLIC TRUST CORPORATION FOR THE DIOCESE OF ROCKHAMPTON,"Religious, Charitable & Non-profit",original
THE ROMAN CATHOLIC TRUST CORPORATION FOR THE DIOCESE OF TOWNSVILLE,"Religious, Charitable & Non-profit",original
THE ROYAL CHILDREN'S HOSPITAL,"Healthcare, Medical & Pharmaceutical",original
THE ROYAL WOMENS HOSPITAL,"Healthcare, Medical & Pharmaceutical",original
THE SCOTS COLLEGE,Education - Schools & Training,original
THE SJB ARCHITECTURE NSW UNIT TRUST,Architecture & Design,original
The Smith's Snackfood Company Limited,"Agriculture, Food & Beverage",inferred
The Star Entertainment Group Limited,"Media, Entertainment & Creative",original
THE SWATCH GROUP (AUSTRALIA) PTY. LTD.,Consumer Goods & Retail,inferred
THE SYDNEY CHILDREN'S HOSPITALS NETWORK,Information Technology & Software,original
The Technical Direction Company of Australia Pty Ltd,"Media, Entertainment & Creative",inferred
The Total Physiocare Group Pty Ltd,"Healthcare, Medical & Pharmaceutical",inferred
The Trade Desk Australia Pty Ltd,Marketing & Advertising,inferred
THE TRAVEL CORPORATION PTY LTD,"Hospitality, Travel & Tourism",original
The Treasury,Government & Public Sector,inferred
THE TREE COMPANY ARBORICULTURAL SERVICES PTY LTD,"Agriculture, Food & Beverage",inferred
THE TRUSTEE FOR CAMPBELL FAMILY TRUST OTHERS,Unknown / To Check,unresolved
The Trustee for Isle of Voyage Unit Trust,Unknown / To Check,unresolved
THE TRUSTEE FOR THE SALVATION ARMY (VICTORIA) PROPERTY TRUST,Real Estate & Property,original
THE TRUSTEES OF THE SYDNEY GRAMMAR SCHOOL,Education - Schools & Training,original
THE UNIVERSITY OF ADELAIDE,Education - Universities & Higher Ed,original
The University of New England,Education - Universities & Higher Ed,original
The University of Newcastle,Education - Universities & Higher Ed,original
THE UNIVERSITY OF NOTRE DAME AUSTRALIA,Education - Universities & Higher Ed,original
The University of Queensland,Education - Universities & Higher Ed,original
The University of Sydney,Education - Universities & Higher Ed,original
THE UNIVERSITY OF WOLLONGONG,Education - Universities & Higher Ed,original
THE VET GROUP PTY LTD,"Healthcare, Medical & Pharmaceutical",original
The Walt Disney Company (Australia) Pty Limited,"Media, Entertainment & Creative",original
THE WARRANTY GROUP AUSTRALASIA PTY LTD,Insurance,inferred
THE WORKSSYDNEY PTY LTD,Marketing & Advertising,inferred
Therapy Pro Pty Ltd,"Aged Care, Disability & Social Services",inferred
THERMO FISHER SCIENTIFIC AUSTRALIA PTY LTD,"Healthcare, Medical & Pharmaceutical",inferred
THIESS PTY LTD,"Mining, Resources & Energy",inferred
THOMAS WARBURTON PTY LTD,Unknown / To Check,unresolved
Thomastown East Primary School,Education - Schools & Training,original
"Thompsons, Kelly & Lewis Pty Ltd",Manufacturing & Industrial,inferred
THOMSON AVIATION PTY LTD,Aviation & Aerospace,original
THOMSON ENVIRONMENTAL SYSTEMS PTY LTD,Information Technology & Software,original
Thomson Reuters (Professional) Australia Limited,"Media, Entertainment & Creative",inferred
Thorne Harbour Health Ltd,"Healthcare, Medical & Pharmaceutical",original
Thornhill Park Primary School,Education - Schools & Training,original
ThoughtWorks Australia Pty Ltd,Information Technology & Software,inferred
thyssenkrupp Materials Australia Pty Ltd,Manufacturing & Industrial,inferred
TIBRA GLOBAL SERVICES PTY LIMITED,Banking & Financial Services,inferred
Ticketmaster Australasia Pty Ltd,"Media, Entertainment & Creative",inferred
Tiernan Veterinary Holdings,"Healthcare, Medical & Pharmaceutical",original
TIFFANY & CO. (AUSTRALIA) PTY. LTD.,Consumer Goods & Retail,inferred
Tigermed Australia Pty Ltd,"Healthcare, Medical & Pharmaceutical",inferred
TIKTOK AUSTRALIA PTY LTD,Information Technology & Software,inferred
TILBURG PTY LTD,Unknown / To Check,unresolved
Timboon & District Health Care Service,"Healthcare, Medical & Pharmaceutical",original
Timbrebongie House Limited,"Aged Care, Disability & Social Services",inferred
TISMOR HEALTH & WELLNESS PTY LIMITED,"Healthcare, Medical & Pharmaceutical",original
TITAN ICT PTY LTD,Information Technology & Software,inferred
TITAN RECRUITMENT PTY LTD,"Recruitment, HR & Labour Hire",original
TJX AUSTRALIA PTY LTD,Consumer Goods & Retail,inferred
TOHO GAS AUSTRALIA PTY LTD,"Mining, Resources & Energy",original
Tokio Marine Management (Australasia) Pty Ltd,Insurance,inferred
Tokyo Gas Australia Pty Ltd,"Mining, Resources & Energy",original
TOLL HOLDINGS PTY LIMITED,Transport & Logistics,inferred
TOMAGO ALUMINIUM COMPANY PTY LTD,"Mining, Resources & Energy",inferred
TONER PTY LTD,Unknown / To Check,unresolved
TONY ISGROVE PAINTING & DECORATING SPECIALISTS PTY LTD,Engineering & Construction,inferred
TORRENS GLOBAL EDUCATION SERVICES PTY LTD,Education - Schools & Training,original
TORRENS UNIVERSITY AUSTRALIA LIMITED,Education - Universities & Higher Ed,original
Toshiba (Australia) Pty Ltd,Manufacturing & Industrial,inferred
TOSHIBA INTERNATIONAL CORPORATION PTY LTD,Manufacturing & Industrial,inferred
TOTALENERGIES EP AUSTRALIA,"Mining, Resources & Energy",inferred
Tourism holdings Australia Pty limited,"Hospitality, Travel & Tourism",original
TOWERS WATSON AUSTRALIA PTY LTD,"Consulting, Accounting & Professional Services",inferred
TOWNSVILLE CHRISTIAN EDUCATION ASSOCIATION LIMITED,Education - Schools & Training,original
Toyo Tyre & Rubber Australia Limited,Automotive,inferred
TOYOTA FINANCE AUSTRALIA LTD,Automotive,original
Toyota Material Handling Australia Pty Limited,Automotive,original
Toyota Motor Corporation Australia Limited,Automotive,original
TOYOTA TSUSHO (AUSTRALASIA) PTY. LIMITED,Automotive,original
TOYOTA TSUSHO SOUTH PACIFIC HOLDINGS PTY LTD,Automotive,original
TPG TELECOM LIMITED,Telecommunications,original
TPW GROUP SERVICES PTY LTD,Unknown / To Check,unresolved
Tquila ANZ Pty Ltd,Information Technology & Software,inferred
Tracc Civil Pty Ltd,Engineering & Construction,original
TRACEY BRUNSTROM AND HAMMOND PTY LTD,"Consulting, Accounting & Professional Services",inferred
TRADE-WIND AUSTRALIA PTY LTD,Unknown / To Check,unresolved
Trafalgar High School,Education - Schools & Training,original
Trafford Group Pty Ltd,Automotive,original
Trans-Ax Health Care Pty Ltd,"Healthcare, Medical & Pharmaceutical",original
TRANSCAL HOLDINGS PTY LTD,Unknown / To Check,unresolved
TRANSDEV AUSTRALASIA PTY LTD,Transport & Logistics,inferred
Translationz Pty Ltd,"Consulting, Accounting & Professional Services",inferred
Transport Service of New South Wales,Transport & Logistics,original
TRANSURBAN LIMITED,Transport & Logistics,inferred
TRANZBLAST COATING SERVICES (AUST) PTY LTD,Manufacturing & Industrial,inferred
TRARALGON COLLEGE,Education - Schools & Training,original
Treasury Wine Estates Vintners Limited,"Hospitality, Travel & Tourism",original
TREND MICRO AUSTRALIA PTY LTD,Information Technology & Software,inferred
Trevi Australia Pty Ltd,Engineering & Construction,inferred
Tridant Pty Ltd,Information Technology & Software,inferred
TRIDECA PTY LTD,Unknown / To Check,unresolved
TRIMBLE AUSTRALIA SOLUTIONS PTY LTD,Information Technology & Software,original
TRIMEX PTY LTD,Unknown / To Check,unresolved
TRINITY WINDOWS CONTRACTING PTY LTD,Engineering & Construction,original
TripAdvisor Australia Pty Limited,"Hospitality, Travel & Tourism",inferred
TROPICAL ALMOND DEVELOPMENT (PTC) LTD,Real Estate & Property,original
TRUCK CENTRE (WA) PTY LTD,Automotive,inferred
Truganina P-9 College,Education - Schools & Training,original
TSA RILEY PTY LTD,"Consulting, Accounting & Professional Services",inferred
TSS TOTAL SURVEYING SOLUTIONS PTY LTD,Engineering & Construction,original
TUFF GROUP HOLDINGS PTY LTD,Unknown / To Check,unresolved
Tully Sugar Limited,"Agriculture, Food & Beverage",original
Turner & Townsend Pty Ltd,"Consulting, Accounting & Professional Services",inferred
Tutt Bryant Group Limited,Engineering & Construction,inferred
Tweddle Child & Family Health Service,"Healthcare, Medical & Pharmaceutical",original
TWEED SHIRE COUNCIL,Government & Public Sector,original
TYNAN MOTORS PTY LTD,Automotive,inferred
TYPSA Pty Ltd,Engineering & Construction,inferred
TYRE AND AUTO PTY LTD,Automotive,inferred
Tyro Payments Limited,Banking & Financial Services,original
UA Australia Pty Ltd,Consumer Goods & Retail,inferred
Uber Australia Pty Ltd,Transport & Logistics,inferred
UBS AG,Banking & Financial Services,original
Ucorp Pty Ltd,Unknown / To Check,unresolved
UGL ENGINEERING PTY LIMITED,Engineering & Construction,original
Ultra Tune Australia Pty. Ltd.,Automotive,inferred
Ultradata Australia Pty Ltd,Information Technology & Software,inferred
ULTRARAD PTY LTD,"Healthcare, Medical & Pharmaceutical",inferred
UNICHI WELLNESS PTY LTD,Consumer Goods & Retail,inferred
Unilever Australia Limited,Consumer Goods & Retail,original
UNIPART GROUP AUSTRALIA PTY LTD,Transport & Logistics,inferred
UNIQLO Australia Pty Ltd,Consumer Goods & Retail,inferred
Unispace Global Pty Ltd,Architecture & Design,inferred
UNITING (NSW.ACT),"Religious, Charitable & Non-profit",original
Uniting Church Homes,"Religious, Charitable & Non-profit",original
UNIVERSAL CRANES PTY LTD,Manufacturing & Industrial,inferred
UNIVERSAL LIGHTING AND AUDIO (U.L.A.) PTY LTD,Automotive,original
Universal Music Australia Pty Limited,"Media, Entertainment & Creative",original
Universal Pictures International Australia Pty Ltd,"Media, Entertainment & Creative",inferred
Universal Property Group Pty Limited,Real Estate & Property,original
University of Ca nberra,Education - Universities & Higher Ed,original
University of Melbourne,Education - Universities & Higher Ed,original
University of New South Wales,Education - Universities & Higher Ed,original
University of South Australia,Education - Universities & Higher Ed,original
University of Southern Queensland,Education - Universities & Higher Ed,original
UNIVERSITY OF TASMANIA,Education - Universities & Higher Ed,original
UNIVERSITY OF TECHNOLOGY SYDNEY,Education - Universities & Higher Ed,original
UNIVERSITY OF THE SUNSHINE COAST,Education - Universities & Higher Ed,original
University of Western Australia,Education - Universities & Higher Ed,original
Upguard Pty Limited,Information Technology & Software,inferred
UPH Investments Pty Ltd,Banking & Financial Services,original
UPS PTY. LTD,Transport & Logistics,inferred
UPSKILLED PTY LTD,Education - Schools & Training,inferred
URBIS PTY LTD,Architecture & Design,inferred
UST Global (Singapore) Pte Ltd,Information Technology & Software,inferred
V Ahuja & Others,Unknown / To Check,unresolved
V-B GRANITE (AUST) PTY LTD,Manufacturing & Industrial,inferred
Valkstone Primary School,Education - Schools & Training,original
VALMEC AUSTRALIA PTY LTD,Engineering & Construction,inferred
Valmet Pty Ltd,Manufacturing & Industrial,inferred
Vanderlande Industries Australia Pty Ltd,Manufacturing & Industrial,original
VANGUARD INVESTMENTS AUSTRALIA LTD,Banking & Financial Services,original
Vanguard Logistics Service (Aust) Pty Ltd,Transport & Logistics,original
Varian Medical Systems Australasia Pty Ltd,"Healthcare, Medical & Pharmaceutical",original
VAST RENEWABLES LIMITED,"Mining, Resources & Energy",inferred
VAULT MINERALS LIMITED,"Mining, Resources & Energy",original
VAWDREY AUSTRALIA PTY LTD,Automotive,inferred
VCCP Pty Ltd,Marketing & Advertising,inferred
VEE H AVIATION PTY LTD,Aviation & Aerospace,original
VEEAM PTY LTD,Information Technology & Software,inferred
VEHICLE REPAIRHI_JB PTY LIMITED,Automotive,inferred
VEITCH LISTER CONSULTING PTY LTD.,"Consulting, Accounting & Professional Services",original
Velocity Vehicle Group Australia Pty Ltd,Automotive,inferred
VELRADA CAPITAL PTY LTD,Banking & Financial Services,original
Ventia Australia Pty Ltd,Engineering & Construction,original
VEOLIA ENVIRONMENTAL SERVICES (AUSTRALIA) PTY LTD,Manufacturing & Industrial,inferred
VEOLIA WATER TECHNOLOGIES (AUSTRALIA) PTY LTD,Information Technology & Software,original
VERBREC LTD,Engineering & Construction,inferred
VERIFONE AUSTRALIA (HAPL) PTY LTD,Information Technology & Software,inferred
Verint Systems (Australia) Pty Ltd,Information Technology & Software,original
VERIS AUSTRALIA PTY LTD,Engineering & Construction,inferred
Verizon Australia Pty Ltd,Telecommunications,inferred
Versent Pty Ltd,Information Technology & Software,inferred
VERTECH GROUP PTY LTD,Engineering & Construction,inferred
Vertex Pharmaceuticals (Australia) Pty Ltd,"Healthcare, Medical & Pharmaceutical",inferred
Very Special Kids,"Religious, Charitable & Non-profit",inferred
VESTA HOMES PTY LTD,Engineering & Construction,inferred
VESTAS - AUSTRALIAN WIND TECHNOLOGY PTY. LIMITED,"Mining, Resources & Energy",inferred
Vestone Capital Pty Ltd,Banking & Financial Services,original
VetPartners Australia PTY LTD,"Healthcare, Medical & Pharmaceutical",inferred
VGW Holdings Limited,"Media, Entertainment & Creative",inferred
Victor Chang Cardiac Research Institute Limited,"Healthcare, Medical & Pharmaceutical",inferred
VICTORIA AMATEUR TURF CLUB (INCORPORATING) THE MELBOURNE RACING,"Media, Entertainment & Creative",inferred
VICTORIA INTERNATIONAL CONTAINER TERMINAL LIMITED,Transport & Logistics,inferred
VICTORIA LEGAL AID,Legal Services,original
Victoria University,Education - Universities & Higher Ed,original
VICTORIAN ELECTORAL COMMISSION,Government & Public Sector,original
VICTORIAN GAMBLING AND CASINO CONTROL COMMISSION,Government & Public Sector,original
VICTORIAN INSTITUTE OF FORENSIC MEDICINE,"Healthcare, Medical & Pharmaceutical",original
VICTORIAN INSTITUTE OF FORENSIC MENTAL HEALTH,"Healthcare, Medical & Pharmaceutical",original
Victorian Institute of Sport Limited,Government & Public Sector,inferred
VILLAGE ROADSHOW PTY LTD,"Media, Entertainment & Creative",inferred
VINAY POTUMI_JTHU & KAVITHA KAKKIRALA,Unknown / To Check,unresolved
Vinidex Pty Ltd,Manufacturing & Industrial,inferred
VINTECH SYSTEMS PTY LTD,Information Technology & Software,original
Virgin Australia Airlines Pty Ltd.,Aviation & Aerospace,original
VIRIDIS AG SERVICES PTY LIMITED,"Agriculture, Food & Beverage",inferred
VISA AP (AUSTRALIA) PTY LTD,Banking & Financial Services,original
Viscofan Globus Australia Pty Ltd,"Agriculture, Food & Beverage",inferred
VISION AUSTRALIA LIMITED,"Aged Care, Disability & Social Services",inferred
Visionstream Pty Limited,Telecommunications,inferred
VISY GLASS OPERATIONS (AUSTRALIA) PTY LTD,Manufacturing & Industrial,inferred
VISY PULP AND PAPER PTY. LTD.,Manufacturing & Industrial,inferred
Viterra Australia Pty Ltd,"Agriculture, Food & Beverage",inferred
VITROCSA AUSTRALIA PTY LTD,Manufacturing & Industrial,inferred
Viva Energy Australia Pty Ltd,"Mining, Resources & Energy",original
VIVABILITY LIMITED,"Aged Care, Disability & Social Services",inferred
Vivienne Court Trading Pty Ltd,Banking & Financial Services,inferred
Vivir Healthcare Pty Ltd,"Healthcare, Medical & Pharmaceutical",original
VMWARE AUSTRALIA PTY LTD,Information Technology & Software,original
Vocus Pty Ltd,Telecommunications,inferred
VOESTALPINE RAILWAY SYSTEMS AUSTRALIA PTY LTD,Information Technology & Software,original
Voith Turbo Pty. Ltd,Manufacturing & Industrial,inferred
VOLGREN AUSTRALIA PTY. LIMITED,Automotive,inferred
VOLKSWAGEN GROUP AUSTRALIA PTY LTD,Automotive,original
VOLVO GROUP AUSTRALIA PTY LTD,Automotive,original
Volz (Australia) Pty Ltd,Unknown / To Check,unresolved
Vopak Terminals Sydney Pty Ltd,Transport & Logistics,inferred
Voyager Tennis Pty Ptd,"Hospitality, Travel & Tourism",inferred
VOYAGES INDIGENOUS TOURISM AUSTRALIA PTY LTD,"Hospitality, Travel & Tourism",original
VSL AUSTRALIA PTY LTD,Engineering & Construction,inferred
W T G PTY LTD,Unknown / To Check,unresolved
W.W. WEDDERBURN PTY LTD,Manufacturing & Industrial,inferred
WA Country Health Service,"Healthcare, Medical & Pharmaceutical",original
WABTEC CONTROL SYSTEMS PTY LTD,Information Technology & Software,original
Wallace International Pty Ltd,Transport & Logistics,inferred
WALLAN SECONDARY COLLEGE,Education - Schools & Training,original
WALLENIUS WILHELMSEN OCEAN AS,Transport & Logistics,inferred
Ward 6 Pty Ltd,Unknown / To Check,unresolved
WARD CIVIL AND ENVIRONMENTAL ENGINEERING PTY LTD,Engineering & Construction,original
WARRIGAL CARE LIMITED,"Aged Care, Disability & Social Services",inferred
WARRINGA PARK SCHOOL,Education - Schools & Training,original
wartsila,Manufacturing & Industrial,inferred
WATER CORPORATION,Government & Public Sector,inferred
WATER TECHNOLOGY PTY LTD,Engineering & Construction,inferred
WATERS AUSTRALIA PTY LIMITED,"Healthcare, Medical & Pharmaceutical",inferred
WATPAC LIMITED,Engineering & Construction,inferred
WAYI SCHOOL,Education - Schools & Training,original
WAYMARK HOTEL GROUP MANAGEMENT PTY LIMITED,"Hospitality, Travel & Tourism",original
WAYSS LTD,"Aged Care, Disability & Social Services",inferred
We Are Social Pty Ltd,Marketing & Advertising,inferred
WE-DO-IT PTY LTD,Unknown / To Check,unresolved
WE-WORK AUSTRALIA PTY LTD,Real Estate & Property,inferred
Weatherford Australia Pty Limited,Automotive,original
WEBBER DESIGN PTY LTD,Engineering & Construction,inferred
Webuild,Engineering & Construction,inferred
WEIR MINERALS AUSTRALIA LTD,"Mining, Resources & Energy",original
Wekare Disability Support Group PTY LTD,"Aged Care, Disability & Social Services",original
Werfen Australia Pty Ltd,"Healthcare, Medical & Pharmaceutical",inferred
WERRIBEE SECONDARY COLLEGE,Education - Schools & Training,original
WESFARMERS CHEMICALS ENERGY & FERTILISERS LIMITED,"Mining, Resources & Energy",original
Wesley Community Services Ltd,"Religious, Charitable & Non-profit",original
WESLEY MISSION QUEENSLAND,"Religious, Charitable & Non-profit",original
West Australian Ballet Company Inc,"Media, Entertainment & Creative",inferred
West Australian Symphony Orchestra P/L,"Media, Entertainment & Creative",inferred
West Gippsland Healthcare Group,"Healthcare, Medical & Pharmaceutical",original
West Tamworth League Club Limited,"Hospitality, Travel & Tourism",inferred
West To West Carpentry Services Pty Ltd,Engineering & Construction,inferred
WEST WIMMERA HEALTH SERVICE,"Healthcare, Medical & Pharmaceutical",original
Westall Primary School,Education - Schools & Training,original
Westall Secondary College,Education - Schools & Training,original
Western Australia Police Force,Government & Public Sector,inferred
WESTERN AUSTRALIAN INSTITUTE OF SPORT INCORPORATED,Government & Public Sector,inferred
WESTERN AUSTRALIAN VETERINARY EMERGENCY AND CRITICAL CARE SERVICES PTY LTD,"Healthcare, Medical & Pharmaceutical",original
WESTERN AUTISTIC SCHOOL,Education - Schools & Training,original
WESTERN CITY AND AEROTROPOLIS AUTHORITY (WCAA),Government & Public Sector,original
WESTERN DESERT NGANAMPA WALYTJA PALYANTJAKU TJUTAKU ABORIGINAL CORPORATION,"Healthcare, Medical & Pharmaceutical",inferred
WESTERN DISTRICT HEALTH SERVICE,"Healthcare, Medical & Pharmaceutical",original
Western Health,"Healthcare, Medical & Pharmaceutical",original
Western NSW Local Health District,"Healthcare, Medical & Pharmaceutical",original
WESTERN SYDNEY LOCAL HEALTH DISTRICT,"Healthcare, Medical & Pharmaceutical",original
western sydney university,Education - Universities & Higher Ed,original
WESTGROVE PRIMARY SCHOOL,Education - Schools & Training,original
Westmead Institute for Medical Research Ltd,"Healthcare, Medical & Pharmaceutical",original
WESTONWILLIAMSON&PARTNERS PTY LTD,Architecture & Design,inferred
Westpac Banking Corporation,Banking & Financial Services,original
WESTRAC PTY LTD,Manufacturing & Industrial,inferred
WestVETS Animal Hospitals,"Healthcare, Medical & Pharmaceutical",inferred
Wetspot Consolidated (VIC) PTY LTD,Unknown / To Check,unresolved
Whispir Australia Pty Ltd,Information Technology & Software,inferred
White Fox Boutique Pty Ltd,Consumer Goods & Retail,inferred
Whitehaven Coal Mining Limited,"Mining, Resources & Energy",original
Whitehorse Motors Pty Ltd,Automotive,inferred
WHITTLESEA SECONDARY COLLEGE,Education - Schools & Training,original
WIDE-FORM PTY LTD,Unknown / To Check,unresolved
WILHELMSEN PORT SERVICES (AUSTRALIA) PTY LTD,Transport & Logistics,original
WILLIAM BUCK SERVICES (NSW) PTY LIMITED,"Consulting, Accounting & Professional Services",inferred
William Grant & Sons Australia Pty Ltd,"Agriculture, Food & Beverage",inferred
WILLOUGHBY CITY COUNCIL,Government & Public Sector,original
Wilmar Sugar Pty Ltd,"Agriculture, Food & Beverage",original
WILSON TRANSFORMER COMPANY PTY LTD,Manufacturing & Industrial,inferred
Winc Australia Pty Limited,Consumer Goods & Retail,inferred
Windlab Pty Limited,"Mining, Resources & Energy",inferred
WINDSOR RSL CLUB LTD,"Hospitality, Travel & Tourism",inferred
Winning Online Group Pty Limited,Consumer Goods & Retail,inferred
WINSLOW CONSTRUCTORS PTY LTD,Engineering & Construction,inferred
WIPRO REVOLUTION IT PTY LTD,Information Technology & Software,original
WIPRO SHELDE AUSTRALIA PTY LTD,Information Technology & Software,original
Wirtgen Australia Pty Ltd,Manufacturing & Industrial,inferred
WiseTech Global Limited,Information Technology & Software,inferred
WISR FINANCE PTY LTD,Banking & Financial Services,original
Witron Australia Pty Ltd,Manufacturing & Industrial,inferred
WMA Water Pty Ltd,Engineering & Construction,inferred
WODONGA MIDDLE YEARS COLLEGE,Education - Schools & Training,original
Wodonga Senior Secondary College,Education - Schools & Training,original
Wollert Primary School,Education - Schools & Training,original
WOLLONGONG CITY MOTORS PTY LTD,Automotive,inferred
WOLPER JEWISH HOSPITAL,"Healthcare, Medical & Pharmaceutical",original
WOOD AUSTRALIA PTY LTD,Engineering & Construction,inferred
Wood Mackenzie Australia Pty Ltd,"Consulting, Accounting & Professional Services",inferred
WOODLEY MOTOR GROUP PTY LTD,Automotive,inferred
WOODS BAGOT PTY LTD,Architecture & Design,inferred
Woodside Energy Ltd,"Mining, Resources & Energy",original
WOOLNORTH WIND FARM HOLDING PTY LTD,"Mining, Resources & Energy",original
WOOLPERT AUSTRALIA PTY LTD,Engineering & Construction,inferred
WOOLWORTHS GROUP LIMITED,Consumer Goods & Retail,inferred
WORKDAY AUSTRALIA PTY LTD,Information Technology & Software,original
WORKPAC PTY LTD,"Recruitment, HR & Labour Hire",inferred
World Vision Australia,"Religious, Charitable & Non-profit",inferred
World Wide Fund For Nature Australia,"Religious, Charitable & Non-profit",inferred
WORLEY SERVICES PTY LIMITED,Engineering & Construction,inferred
WORMALD AUSTRALIA PTY LTD,Engineering & Construction,inferred
WORMALL CIVIL PTY LTD,Engineering & Construction,original
WOTTON & KEARNEY PTY LTD,Legal Services,inferred
WPP AUNZ Pty Ltd,Marketing & Advertising,inferred
WRIGHT MEDICAL AUSTRALIA PTY LIMITED,"Healthcare, Medical & Pharmaceutical",original
WSP Australia Pty Limited,Engineering & Construction,inferred
WTP Australia Pty Limited,Engineering & Construction,inferred
Wurth Australia Pty Limited,Manufacturing & Industrial,inferred
Wycombe Services Pty Ltd,Unknown / To Check,unresolved
WYNDHAM CENTRAL SECONDARY COLLEGE,Education - Schools & Training,original
WYNDHAM DESTINATIONS ASIA PACIFIC PTY LTD.,"Hospitality, Travel & Tourism",inferred
Wyndham Park Primary School,Education - Schools & Training,original
Wyndham Vale Primary School,Education - Schools & Training,original
XAM CONSULTING PTY LIMITED,"Consulting, Accounting & Professional Services",original
XCALIBUR AVIATION (AUSTRALIA) PTY LTD,Aviation & Aerospace,original
XERO AUSTRALIA PTY LIMITED,Information Technology & Software,inferred
XODUS GROUP PTY LTD,"Mining, Resources & Energy",inferred
XPT Software Australia Pty Ltd,Information Technology & Software,original
YAHOO AUSTRALIA PTY LTD,Information Technology & Software,inferred
YAKULT AUSTRALIA PTY LTD,"Agriculture, Food & Beverage",inferred
Yamaha Motor Australia,Automotive,inferred
YAMAHA MUSIC AUSTRALIA PTY LTD,"Media, Entertainment & Creative",original
Yancoal Australia Limited,"Mining, Resources & Energy",inferred
Yara Pilbara Fertilisers Pty Ltd,Manufacturing & Industrial,inferred
YARD' SYSTEMS PTY LTD,Information Technology & Software,original
YARRA PRIMARY SCHOOL,Education - Schools & Training,original
YARRAM AND DISTRICT HEALTH SERVICE,"Healthcare, Medical & Pharmaceutical",original
Yarram Secondary College,Education - Schools & Training,original
YARRAVILLE SPECIAL DEVELOPMENTAL SCHOOL,Education - Schools & Training,original
Yarrawonga Health,"Healthcare, Medical & Pharmaceutical",original
Yass Soldiers Club Ltd,"Hospitality, Travel & Tourism",inferred
YEM TECHNOLOGY PTY LTD,Unknown / To Check,unresolved
YESHIVAH-BETH RIVKAH SCHOOLS LIMITED,Education - Schools & Training,original
YOU' PTY LTD,Unknown / To Check,unresolved
Yunex Pty Ltd,Transport & Logistics,inferred
YUSEN LOGISTICS (AUSTRALIA) PTY LTD,Transport & Logistics,original
Zagame Automotive Group Pty Ltd,Automotive,inferred
ZAGAME CAULFIELD PTY LTD,Automotive,inferred
ZAMBEZI HOLDINGS PTY LTD,Unknown / To Check,unresolved
Zambrero Pty Ltd,"Hospitality, Travel & Tourism",inferred
ZEALLY BAY SOURDOUGH PTY LTD,"Agriculture, Food & Beverage",inferred
Zendesk Pty Ltd,Information Technology & Software,original
ZEPHENIAS HEALTHCARE SERVICES PTY LTD,"Healthcare, Medical & Pharmaceutical",original
ZINC GROUP PTY LTD,"Mining, Resources & Energy",original
Zipform Pty Ltd,Manufacturing & Industrial,inferred
zipMoney Payments Pty Ltd,Banking & Financial Services,original
Zoological Parks Authority,Government & Public Sector,original
ZURICH FINANCIAL SERVICES AUSTRALIA LIMITED,Insurance,original
